id_municipio,municipio,populacao_2022,pib_2022,pib_per_capita_2022,taxa_alfabetizacao,anos_medios_estudo,pct_ensino_medio,pct_ensino_superior
3500105,Adamantina,34687,1542108768.0,44457.8305417015,0.9649206295251368,10.5,0.6049883581457701,0.2198193748677062
3500204,Adolfo,4351,152744965.0,35105.71477821191,0.9322128851540616,8.4,0.4148213758488338,0.10481251845290818
3500303,Aguaí,32072,1538788797.0,47979.1967136443,0.9503414747077208,9.0,0.43234215885947047,0.12228105906313645
3500402,Águas da Prata,7369,237447327.0,32222.462613651784,0.9684938112843594,9.4,0.4961318533467878,0.16010763538513287
3500501,Águas de Lindóia,17930,709589578.0,39575.54813162298,0.9641137278184577,9.5,0.5095159288374017,0.16039167011446698
3500550,Águas de Santa Bárbara,7177,254816779.0,35504.63689563885,0.9563580352558617,10.1,0.5638259618842143,0.19884933477166486
3500600,Águas de São Pedro,2780,160664986.0,57793.16043165467,0.9875724937862469,11.4,0.720531504500643,0.39777111015859407
3500709,Agudos,37680,2685446015.0,71269.79869957537,0.9618651069032749,10.0,0.5747314827730506,0.15772771655739992
3500758,Alambari,6141,133707111.0,21772.856375183193,0.9540650406504065,9.1,0.45671641791044776,0.0906183368869936
3500808,Alfredo Marcondes,4445,129964952.0,29238.45939257593,0.9463560010837172,9.5,0.5507328072153326,0.12993235625704622
3500907,Altair,3451,126933661.0,36781.704143726456,0.9255014326647565,8.5,0.4339834958739685,0.09789947486871718
3501004,Altinópolis,16818,646572298.0,38445.25496491854,0.949872495446266,9.1,0.478979436405179,0.15125666412795125
3501103,Alto Alegre,3841,113062323.0,29435.647747982297,0.942690775360098,8.6,0.40645773979107314,0.10699588477366255
3501152,Alumínio,17301,3594285557.0,207750.16224495694,0.9620426390089312,10.1,0.6068083161983093,0.12261061609930698
3501202,Álvares Florence,3915,135133659.0,34516.89885057471,0.9350882440921329,8.5,0.4049483244597557,0.10679611650485436
3501301,Álvares Machado,27255,820450639.0,30102.756888644286,0.9577407373856327,9.8,0.5264514896867838,0.1546027501909855
3501400,Álvaro de Carvalho,4808,59626427.0,12401.503119800333,0.9329035339063992,7.3,0.3318605792832597,0.04393716249386352
3501509,Alvinlândia,2885,64404105.0,22323.779896013864,0.9270699270699271,8.5,0.4554140127388535,0.12374886260236578
3501608,Americana,237240,16677590536.0,70298.39207553532,0.9833213276444839,10.9,0.6562808839918414,0.2431082700759089
3501707,Américo Brasiliense,33019,1376814274.0,41697.6369363094,0.9449740196628164,8.8,0.49202169470209084,0.05671278100927527
3501806,Américo de Campos,5870,141692241.0,24138.371550255535,0.9545270816491511,9.1,0.4638958858102435,0.12027707808564232
3501905,Amparo,68008,6156333064.0,90523.65992236207,0.9677560523045146,10.3,0.600353860874903,0.19229449890772535
3502002,Analândia,4589,210931789.0,45964.652211810855,0.9554535637149028,9.9,0.584,0.17657142857142857
3502101,Andradina,59783,4038899084.0,67559.32428951374,0.9625850340136054,10.1,0.5473026952024556,0.18559475255434554
3502200,Angatuba,24022,1661556472.0,69168.115560736,0.9584566651087916,9.2,0.4770862955266324,0.13376353494476648
3502309,Anhembi,5674,171606634.0,30244.383856186112,0.9436056838365897,8.5,0.4019839395370808,0.12281530467642891
3502408,Anhumas,4023,100740061.0,25041.02933134477,0.9435975609756098,9.6,0.5024046168643796,0.15100993908303945
3502507,Aparecida,32569,1145412617.0,35168.79907273788,0.9703348927006757,10.2,0.5765741315136477,0.16346153846153846
3502606,Aparecida d'Oeste,4086,168206305.0,41166.496573666176,0.9178674351585014,8.6,0.4073741007194245,0.12080335731414868
3502705,Apiaí,24585,982326220.0,39956.323774659344,0.9400762388818298,8.9,0.4791632708503124,0.10877478945938604
3502754,Araçariguama,21522,5128859234.0,238307.74249605055,0.9493128681063716,9.0,0.4232133806386214,0.10390268626457172
3502804,Araçatuba,200124,10301206377.0,51474.11793188223,0.9739814041266731,10.6,0.6204860108699746,0.21830950557933448
3502903,Araçoiaba da Serra,32443,1215670700.0,37470.97062540455,0.9700507802364802,10.3,0.5907249508082874,0.18704425325051122
3503000,Aramina,5420,172550026.0,31835.79815498155,0.9505840071877808,9.2,0.4654323880946801,0.12467775955003516
3503109,Arandu,6885,188931424.0,27441.020188816266,0.9367480860371855,8.5,0.4399316758398178,0.0694628961852344
3503158,Arapeí,2330,47563096.0,20413.345922746783,0.9371754932502596,8.6,0.4333516182117389,0.08228195282501372
3503208,Araraquara,242228,13194878807.0,54472.9709488581,0.9761675278219396,10.9,0.6476664314767162,0.23571221050884036
3503307,Araras,130866,8447070790.0,64547.48208090719,0.9680812745324405,10.4,0.5957278481012658,0.20375694658845322
3503356,Arco-Íris,2044,62022282.0,30343.58219178082,0.9248484848484848,8.8,0.4634615384615385,0.10512820512820513
3503406,Arealva,8130,252102363.0,31008.90073800738,0.9619075741916433,8.9,0.4378985727300334,0.14166413604615852
3503505,Areias,3577,63771274.0,17828.14481409002,0.9397506925207756,8.9,0.4654478976234004,0.09762340036563072
3503604,Areiópolis,10130,174095007.0,17186.081638696938,0.9371675943104515,8.8,0.45354619209630986,0.07890604553781733
3503703,Ariranha,7602,1283203618.0,168798.1607471718,0.9432280262746324,9.1,0.49409061063690085,0.13345370978332238
3503802,Artur Nogueira,51456,2306807284.0,44830.676383706465,0.9541149889433709,9.3,0.48360489315263183,0.13512004466778335
3503901,Arujá,86678,9448587810.0,109007.91215764092,0.964531056882527,10.5,0.6372813227972411,0.187761689428889
3503950,Aspásia,1842,44376593.0,24091.527144408254,0.9067629678266579,8.8,0.4366485013623978,0.14918256130790192
3504008,Assis,101409,4581890590.0,45182.28746955399,0.9738128158672642,10.8,0.6494070111115268,0.24682305111801164
3504107,Atibaia,158647,8826312128.0,55634.91353760235,0.9654615806424208,10.4,0.6017752770838891,0.23876506681541484
3504206,Auriflama,13692,392588991.0,28672.874014022786,0.9483465666172236,9.7,0.526435941923112,0.1498493288284175
3504305,Avaí,4483,330717148.0,73771.39147892037,0.9386451971127152,9.1,0.4575925386184786,0.10026231419411251
3504404,Avanhandava,11263,219883034.0,19522.599129894345,0.9476769431176726,9.0,0.4530418035572675,0.11759374645972584
3504503,Avaré,92805,3871414811.0,41715.58440816766,0.9657568764754251,10.1,0.5571602331986523,0.18128818488123366
3504602,Bady Bassitt,27260,666077876.0,24434.258107116653,0.9756364631809472,10.3,0.6020787641842281,0.16944788786116144
3504701,Balbinos,3887,62119349.0,15981.309235914587,0.9706688596491229,8.0,0.2422135706340378,0.04087875417130145
3504800,Bálsamo,9596,311240963.0,32434.44799916632,0.9633736140525726,9.4,0.49993490430933474,0.15310506444473376
3504909,Bananal,9969,236093430.0,23682.75955461932,0.9462221681469766,9.1,0.47325208466966,0.12777421423989738
3505005,Barão de Antonina,3531,78067420.0,22109.15321438686,0.9422459893048128,8.1,0.371545929798357,0.03659447348767737
3505104,Barbosa,5640,129133155.0,22895.949468085106,0.9255435976279376,8.4,0.3787738039944264,0.07895959126799815
3505203,Bariri,31595,1810874475.0,57315.22313657224,0.96133871898442,9.7,0.5104751140354418,0.17591732935050255
3505302,Barra Bonita,34346,1760475822.0,51257.08443486869,0.9605281160213436,9.9,0.5446876668446343,0.1838049474995551
3505351,Barra do Chapéu,5179,163231519.0,31517.96080324387,0.911865234375,8.1,0.40382599580712786,0.05110062893081761
3505401,Barra do Turvo,6876,138337709.0,20118.922193135542,0.8776566253927185,7.8,0.36564659427443236,0.06791707798617966
3505500,Barretos,122485,6174110187.0,50407.071780217986,0.9762267963626998,10.4,0.5878642888212267,0.1991031297251393
3505609,Barrinha,32092,658639234.0,20523.471083135984,0.9373615944321417,9.0,0.4699533868055264,0.11758283290639567
3505708,Barueri,316473,69665768916.0,220131.7929681205,0.9738872850707443,11.0,0.6918300060368374,0.21977465288185108
3505807,Bastos,21503,1141590238.0,53089.81249128029,0.9579502894109636,9.5,0.5035278641473332,0.142549629275293
3505906,Batatais,58402,2795758224.0,47870.932913256394,0.9630955830608106,9.6,0.505476699721304,0.1718625099920064
3506003,Bauru,379146,18612852852.0,49091.51844408223,0.9790144150184378,10.9,0.6358111922921448,0.2381410545516502
3506102,Bebedouro,76373,4756160024.0,62275.41178165058,0.9730534653465347,10.2,0.5556071280563614,0.21367592208868627
3506201,Bento de Abreu,2606,249335050.0,95677.30237912509,0.9420498084291188,9.5,0.5465,0.1205
3506300,Bernardino de Campos,11607,482828213.0,41598.01955716378,0.9671235700298877,9.3,0.4381902004931918,0.1294092419856331
3506359,Bertioga,64188,2276073111.0,35459.48013647411,0.9645697329376854,9.3,0.5171111437503935,0.12165593067416437
3506409,Bilac,7319,279245349.0,38153.483945894244,0.9565502541400229,9.7,0.5142564452791532,0.15127198224346936
3506508,Birigui,118979,4489460775.0,37733.219937972244,0.9671331377821234,10.1,0.5563204671881328,0.18480786035508004
3506607,Biritiba-Mirim,29683,929917405.0,31328.282350166763,0.9408665105386417,9.3,0.508177930608826,0.10748137371599877
3506706,Boa Esperança do Sul,12978,426174943.0,32838.2603636924,0.926012008522177,8.7,0.42314388120839735,0.09083461341525857
3506805,Bocaina,11259,306478797.0,27220.783106847855,0.9498967503532225,9.0,0.4571755288736421,0.14465408805031446
3506904,Bofete,10460,237971226.0,22750.595219885276,0.9429039429039429,8.8,0.42684729064039406,0.10246305418719212
3507001,Boituva,61081,3980439889.0,65166.580262274685,0.9697767694364542,10.2,0.5951153788575462,0.19859278427682373
3507100,Bom Jesus dos Perdões,22006,1845067499.0,83843.83799872761,0.9563109532668133,9.2,0.5155886736214605,0.13299552906110282
3507159,Bom Sucesso de Itararé,3555,66937225.0,18829.03656821378,0.9421457341633102,8.6,0.43759811616954475,0.08673469387755102
3507209,Borá,907,92174455.0,101625.6394707828,0.9436038514442916,8.8,0.4890829694323144,0.0858806404657933
3507308,Boracéia,4715,582110672.0,123459.31537645811,0.9510433386837881,8.7,0.42378134685826996,0.10087348548887011
3507407,Borborema,14226,559934293.0,39359.92499648531,0.9420484046562264,8.7,0.4212139791538933,0.10615748445300867
3507456,Borebi,2713,81815965.0,30157.008846295616,0.9655822725129656,8.8,0.45869234668018244,0.06741003547896604
3507506,Botucatu,145155,6709748564.0,46224.71540077848,0.9743110969697477,10.8,0.6453458138325533,0.24284090007668102
3507605,Bragança Paulista,176811,9125116908.0,51609.44119992534,0.9728021451829152,10.4,0.6150375939849624,0.20054421768707484
3507704,Braúna,5356,118469734.0,22119.06908140403,0.9222068328716528,9.1,0.5103914934751087,0.17254712421459642
3507753,Brejo Alegre,2565,78574226.0,30633.226510721248,0.9367626238791883,8.7,0.4356929212362911,0.08524426719840479
3507803,Brodowski,25201,971558236.0,38552.368398079445,0.9681674373326844,9.5,0.5012271193373555,0.17036506800286327
3507902,Brotas,23898,1355480802.0,56719.42430328898,0.967979669631512,9.1,0.43206082174053706,0.12703547934864662
3508009,Buri,20250,702838485.0,34708.073333333334,0.9386970725770291,8.3,0.36911333742247665,0.07053772234716826
3508108,Buritama,17210,646238949.0,37550.20040674027,0.9448674562887761,9.3,0.5243489774900691,0.12225982050904811
3508207,Buritizal,4356,257455029.0,59103.542011019286,0.9485396383866481,9.5,0.4938344098649442,0.16647093364650617
3508306,Cabrália Paulista,4299,120867281.0,28115.20842056292,0.9375715922107675,8.7,0.44330518697225574,0.08624849215922799
3508405,Cabreúva,47011,6625402201.0,140933.01995277702,0.9630285468984761,9.7,0.5796127788644159,0.10882444652323044
3508504,Caçapava,96202,5870325310.0,61020.82399534313,0.970710332103321,10.3,0.6172768031451537,0.171287008738034
3508603,Cachoeira Paulista,31564,727280900.0,23041.468128247372,0.9649163931864354,10.3,0.6122314864254322,0.16507167207458825
3508702,Caconde,17101,479156063.0,28019.183848897726,0.9471935529478298,9.0,0.47878653018839934,0.1503486129654354
3508801,Cafelândia,16654,737488829.0,44282.98480845443,0.9425236406619385,9.2,0.46755769679073744,0.1502836273214702
3508900,Caiabu,3712,70620504.0,19024.92025862069,0.9283854166666666,9.0,0.5047554347826086,0.10427989130434782
3509007,Caieiras,95032,5172279115.0,54426.71010817409,0.972518885126335,10.3,0.5738117851096337,0.1709267594389616
3509106,Caiuá,5466,91472777.0,16734.865898280277,0.9292631578947368,8.9,0.3959290873276428,0.09455022980958634
3509205,Cajamar,92689,24330164353.0,262492.4678548695,0.9653055631679912,10.6,0.6708051166290444,0.18929791051687214
3509254,Cajati,28515,2228754189.0,78160.7641241452,0.9354998424629788,8.4,0.4549942484662577,0.0814321319018405
3509304,Cajobi,9133,194846521.0,21334.339318953247,0.946761080514031,9.1,0.4930365920262152,0.12329328235936647
3509403,Cajuru,23830,841325609.0,35305.31300881242,0.9515886590991551,9.3,0.4758549109581558,0.14000874030372557
3509452,Campina do Monte Alegre,5954,176896213.0,29710.48253275109,0.9462698904732383,9.1,0.4898847074178812,0.10985425277354796
3509502,Campinas,1139047,80646591220.0,70801.81170750636,0.9758681242188859,11.0,0.6529623209320333,0.27502551828517124
3509601,Campo Limpo Paulista,77632,2976085474.0,38335.80835222589,0.96767951383336,9.9,0.5915205319921011,0.15421357322486456
3509700,Campos do Jordão,46974,1662494083.0,35391.79297057947,0.9646250625115153,9.5,0.4858966212669558,0.13158549051026328
3509809,Campos Novos Paulista,4888,234017327.0,47875.88522913257,0.9327240416349327,8.9,0.43605588393336914,0.12251477700161204
3509908,Cananéia,12289,286747105.0,23333.6402473757,0.9527758115077358,9.4,0.49812090626006655,0.12208740470310318
3509957,Canas,4931,131851625.0,26739.32772257149,0.9585721730067743,9.6,0.5305280528052805,0.08993399339933994
3510005,Cândido Mota,29449,2074288484.0,70436.63567523516,0.9531430457020293,9.4,0.4987451319774989,0.1582431847684985
3510104,Cândido Rodrigues,2889,109176270.0,37790.332294911736,0.945542557482856,9.4,0.5763278962777081,0.10330405687996654
3510153,Canitar,6283,215547863.0,34306.51965621518,0.9367945823927766,9.2,0.48237597911227154,0.07441253263707572
3510203,Capão Bonito,46337,1395125255.0,30108.234348360922,0.9420589340346734,8.9,0.48091904708140454,0.10011855029919838
3510302,Capela do Alto,22866,442198932.0,19338.70952505904,0.9557550843790567,8.2,0.3686701642335766,0.078125
3510401,Capivari,50068,3335183144.0,66613.06910601581,0.9690901496351262,8.9,0.41048171159695324,0.12426235474562612
3510500,Caraguatatuba,134873,5575378387.0,41337.98749193686,0.9648699781132916,10.5,0.6221388992226813,0.17785326885046893
3510609,Carapicuíba,386984,7817578680.0,20201.29690116387,0.9662072706841212,10.0,0.5778548958393819,0.14667194955750096
3510708,Cardoso,11345,372262441.0,32812.90797708242,0.9343625288804873,8.8,0.4377404110341796,0.12342015606110561
3510807,Casa Branca,28083,1260885989.0,44898.55033294164,0.959831230895079,10.0,0.5671165420390297,0.1884005106693416
3510906,Cássia dos Coqueiros,2799,212552603.0,75938.76491604144,0.9297503173931443,9.2,0.4825760917512131,0.1310101455668284
3511003,Castilho,19977,1792751021.0,89740.75291585323,0.9352656405163853,9.1,0.46956806282722513,0.13972513089005237
3511102,Catanduva,115791,6036118390.0,52129.42620756363,0.9680392725465015,10.4,0.6079017515081532,0.21424948469184033
3511201,Catiguá,7003,170228597.0,24307.953305726118,0.9504504504504504,9.1,0.5100548446069469,0.08555758683729434
3511300,Cedral,12618,643216294.0,50976.08923759709,0.9679791041888363,9.9,0.5371024734982333,0.15497223624432105
3511409,Cerqueira César,21469,1220434479.0,56846.35888956169,0.9541870503597122,9.1,0.4287536443148688,0.11175898931000972
3511508,Cerquilho,44695,2566786006.0,57428.9295446918,0.9767991523812111,10.3,0.5899241603466956,0.1677881051491133
3511607,Cesário Lange,19048,1032978280.0,54230.27509449811,0.9553681479078819,9.0,0.4479544987322689,0.10758582882203796
3511706,Charqueada,15535,610774696.0,39316.04093981333,0.9524189049175101,9.3,0.4926236378876781,0.11039396479463537
3511904,Clementina,6982,200097975.0,28659.119879690632,0.9379719525350594,9.3,0.4841844512195122,0.11509146341463415
3512001,Colina,18486,2117227263.0,114531.38932164882,0.9548168789808917,9.4,0.4881457275950775,0.12758117221720086
3512100,Colômbia,6629,473152796.0,71376.19490119173,0.9255096208801676,8.2,0.3943179528510981,0.08905903687285915
3512209,Conchal,28101,978772490.0,34830.521689619585,0.9388346484775534,8.9,0.45293978748524205,0.11216056670602124
3512308,Conchas,15232,471792848.0,30973.795168067227,0.9619108586060655,9.2,0.44288593986225433,0.1477406349739627
3512407,Cordeirópolis,24514,4216369402.0,171998.42547115934,0.9708173174185717,9.6,0.5145325582635593,0.14607220948216096
3512506,Coroados,5400,257147869.0,47619.97574074074,0.9577944179714091,9.1,0.4649726905723106,0.12372358109712657
3512605,Coronel Macedo,4280,143742070.0,33584.595794392524,0.9125035280835451,8.3,0.4236935866983373,0.0923396674584323
3512704,Corumbataí,4195,340219852.0,81101.2758045292,0.9486119314825753,9.5,0.5091137649277184,0.1285355122564425
3512803,Cosmópolis,59773,2059490038.0,34455.189433356194,0.9663550632129473,9.9,0.5735716290012735,0.1319475922208552
3512902,Cosmorama,8719,622395587.0,71383.82692969377,0.9399916655090985,8.3,0.40402431962941515,0.10031847133757962
3513009,Cotia,274413,17274219489.0,62949.71261930011,0.9694085530623726,10.8,0.6550437561718335,0.24390113391480317
3513108,Cravinhos,33281,2054668143.0,61736.97133499594,0.958792507728678,9.4,0.5122735802090913,0.13908781066901543
3513207,Cristais Paulista,9272,431297720.0,46516.147540983606,0.9429759828257077,9.2,0.4782851557045105,0.1146487920681469
3513306,Cruzália,2108,217897838.0,103367.09582542695,0.9456706281833617,9.3,0.5878537735849056,0.12205188679245282
3513405,Cruzeiro,74961,3815247008.0,50896.426248315795,0.9774362647738742,10.6,0.645666598262535,0.1872392092482386
3513504,Cubatão,112476,28715658220.0,255304.7603044205,0.9545348124198674,9.8,0.5468444212498962,0.10069860397812859
3513603,Cunha,22110,355775518.0,16091.158661239258,0.9326343238985169,7.7,0.38302583025830256,0.10269656542719273
3513702,Descalvado,31756,2328295883.0,73318.29836881219,0.9618889182955878,9.8,0.5340792282754804,0.17454732347592314
3513801,Diadema,393237,20056680188.0,51004.05147023297,0.9677518656716418,10.3,0.6203859307260232,0.1514134009900019
3513850,Dirce Reis,1620,81422388.0,50260.73333333333,0.9072315558802045,8.9,0.47,0.1723076923076923
3513900,Divinolândia,11158,418610443.0,37516.61973471948,0.9505912162162162,8.6,0.4133508714238737,0.12495889510029595
3514007,Dobrada,8759,160515772.0,18325.81025231191,0.9076547465173057,9.3,0.5376686372593603,0.09110201606790966
3514106,Dois Córregos,24510,1007949164.0,41123.9968992248,0.9418992718446602,9.0,0.4699508430678154,0.11031238437549554
3514205,Dolcinópolis,2207,63005030.0,28547.81603987313,0.924396782841823,8.8,0.4595359366157329,0.1284663271080928
3514304,Dourado,8096,856062879.0,105738.99197134387,0.9513403263403264,8.9,0.516511946431289,0.11474661390960281
3514403,Dracena,45474,1626665619.0,35771.33348726745,0.9652779589387733,10.3,0.5706624776555983,0.21521044363793945
3514502,Duartina,12328,324954219.0,26359.037881245946,0.957323549290335,8.9,0.4936900555275114,0.13397274103987886
3514601,Dumont,9471,421940305.0,44550.76602259529,0.9607918755624116,9.1,0.5241737230264955,0.12906309751434034
3514700,Echaporã,6205,166591695.0,26847.97663174859,0.9469485440765856,9.2,0.4940163762334663,0.12891035061935754
3514809,Eldorado,13069,309186428.0,23658.00198944066,0.9238067002668248,8.8,0.4462348604528699,0.1014218009478673
3514908,Elias Fausto,17699,1510915948.0,85367.30594948867,0.9466676060307172,9.0,0.4997771504976972,0.07524884861090476
3514924,Elisiário,3138,84550107.0,26943.94741873805,0.9367283950617284,9.3,0.5028501628664495,0.12011400651465798
3514957,Embaúba,2323,66131557.0,28468.169177787346,0.9380804953560371,8.9,0.4763715372080391,0.09722976643128735
3515004,Embu das Artes,250691,16591731265.0,66183.99250471697,0.9575294052402583,9.7,0.5491395036565077,0.11597040555938949
3515103,Embu-Guaçu,66970,1548217577.0,23118.076407346573,0.9543474996245682,9.8,0.5885679139716677,0.13636363636363635
3515129,Emilianópolis,3014,78917541.0,26183.656602521565,0.9242902208201893,9.1,0.4911046752172114,0.11543235415804716
3515152,Engenheiro Coelho,19566,754021548.0,38537.33762649494,0.9425501801338136,9.8,0.5660543618247136,0.17474411984003255
3515186,Espírito Santo do Pinhal,39816,2399383433.0,60261.79005927265,0.9601474040833309,9.7,0.525552443199502,0.1843448490507314
3515194,Espírito Santo do Turvo,4157,96443326.0,23200.222756795767,0.9165897199138197,8.0,0.42456826327794067,0.08145975887911372
3515202,Estrela d'Oeste,9417,1211779790.0,128680.0244239142,0.9405124302384577,9.6,0.5034928166600764,0.136549360748649
3515301,Estrela do Norte,2703,56385027.0,20860.1653718091,0.9241662859753312,9.3,0.5476419634263715,0.09672762271414823
3515350,Euclides da Cunha Paulista,7924,134967008.0,17032.686521958607,0.8836152882205514,8.4,0.4511930585683297,0.1034540297013182
3515400,Fartura,16641,482673126.0,29005.055345231656,0.9536093807255405,9.2,0.46326075248134185,0.14441794260213894
3515509,Fernandópolis,71186,2760929076.0,38784.719973028405,0.9621560788792959,10.1,0.5684190249369572,0.23145488932474081
3515608,Fernando Prestes,5942,221148882.0,37217.920228879164,0.9365396128517262,9.3,0.49302519258796584,0.1276285654799084
3515657,Fernão,1656,79802950.0,48190.18719806763,0.949517446176689,8.8,0.44043887147335425,0.08855799373040753
3515707,Ferraz de Vasconcelos,179198,5179708032.0,28904.943314099488,0.9614663641104424,9.7,0.5607503779444292,0.10850542527126357
3515806,Flora Rica,1487,47500084.0,31943.56691324815,0.9181890389197777,9.3,0.5391014975041597,0.1405990016638935
3515905,Floreal,2733,82992652.0,30366.86864251738,0.9370277078085643,9.5,0.5039612676056338,0.18397887323943662
3516002,Flórida Paulista,12958,289806679.0,22365.077866954776,0.947114509375569,8.9,0.4449701902148197,0.09860887669158702
3516101,Florínia,3851,196358023.0,50988.84004154765,0.9324364723467863,9.0,0.3958269407793802,0.09235961951518872
3516200,Franca,352536,13076032508.0,37091.33963056255,0.9787709768331871,10.3,0.5861657201106742,0.17946337556429298
3516309,Francisco Morato,165139,2039346030.0,12349.269585016258,0.9487626459143969,9.1,0.4889987086520314,0.0639962252905533
3516408,Franco da Rocha,144849,5087143092.0,35120.31903568544,0.9595842756763289,9.8,0.5693143789836506,0.11150118084747462
3516507,Gabriel Monteiro,2763,109552287.0,39649.76004343105,0.9475281873373808,9.7,0.5615384615384615,0.15610859728506787
3516606,Gália,6380,167524334.0,26257.732601880878,0.9343339587242027,8.7,0.43197011403853713,0.12288635469917421
3516705,Garça,42110,1657852918.0,39369.57772500594,0.9589463760249122,9.8,0.5815130607694857,0.17887379108794552
3516804,Gastão Vidigal,3252,83274604.0,25607.19680196802,0.90919240788984,8.5,0.4375487900078064,0.13427010148321625
3516853,Gavião Peixoto,4702,1258362596.0,267622.84049340704,0.9426119603110753,8.9,0.48535683821438724,0.1063406312197896
3516903,General Salgado,10312,298226187.0,28920.305178432893,0.9378557323730979,9.4,0.4944948578342408,0.18027828191167575
3517000,Getulina,10232,220875942.0,21586.780883502735,0.9451583295089491,9.2,0.5023912003825921,0.09457197513151602
3517109,Glicério,4138,138649413.0,33506.38303528274,0.9408284023668639,8.9,0.4167186525265128,0.11572052401746726
3517208,Guaiçara,11239,259999736.0,23133.70726933001,0.9556275846652509,9.2,0.44778237729154347,0.11507983441750444
3517307,Guaimbê,5512,462425705.0,83894.35867198839,0.9283154121863799,8.8,0.41299193930772876,0.09435751541014699
3517406,Guaíra,39279,2984915035.0,75992.64326994069,0.9606990937673386,9.0,0.4751858223246454,0.14852802752442468
3517505,Guapiaçu,21711,942652244.0,43418.18635714614,0.9526426103211919,9.4,0.4591879198620772,0.12680577849117175
3517604,Guapiara,17071,523933915.0,30691.460078495693,0.9129960750109027,7.9,0.4052307692307692,0.05276923076923077
3517703,Guará,18606,749059960.0,40259.05406858003,0.9371613585304612,8.9,0.4989835261128637,0.12688398177357169
3517802,Guaraçaí,7441,280624568.0,37713.286923800566,0.9320434167059934,9.1,0.4695552273100279,0.12588215985557197
3517901,Guaraci,10350,449531446.0,43432.98995169082,0.9348184818481848,9.5,0.5356921166977033,0.15667287399130975
3518008,Guarani d'Oeste,1968,38174899.0,19397.814532520326,0.9188529591214155,8.6,0.46499678869621064,0.10533076429030186
3518107,Guarantã,6427,212070912.0,32996.87443597324,0.927609756097561,9.0,0.4287179487179487,0.09866666666666667
3518206,Guararapes,31043,1475719643.0,47537.919756466836,0.952193563469181,9.7,0.5437054439403759,0.15517660401814648
3518305,Guararema,31236,1650452409.0,52838.148578563196,0.9521116735210376,10.0,0.5887140306440227,0.175434954117012
3518404,Guaratinguetá,118044,8343080551.0,70677.71806275626,0.9767351249371982,10.6,0.6362943153870112,0.21291791517650976
3518503,Guareí,15013,331671389.0,22092.27929128089,0.9507423992458166,8.5,0.3668551758052619,0.07130563068600934
3518602,Guariba,37498,1312651537.0,35005.90796842498,0.9404773695156977,9.0,0.48825896762904636,0.09889763779527559
3518701,Guarujá,287634,11474578482.0,39892.98372932268,0.9615371298484336,9.9,0.5458799491008269,0.12921366250564406
3518800,Guarulhos,1291771,86373709547.0,66864.56775001143,0.9677804698625238,10.2,0.6098422676982033,0.18269818802716076
3518859,Guatapará,7320,227821973.0,31123.220355191257,0.933287834840471,9.0,0.48122192273135667,0.09901168014375561
3518909,Guzolândia,4246,97181258.0,22887.719736222327,0.9002594407610263,8.4,0.3917525773195876,0.0782292298362644
3519006,Herculândia,9125,420580355.0,46090.99780821918,0.9453030506652331,8.3,0.39779629891227575,0.0836276310213307
3519055,Holambra,15094,1518913052.0,100630.25387571221,0.9651029748283753,10.6,0.6099767381752391,0.24140604807443783
3519071,Hortolândia,236641,21420797259.0,90520.22793598742,0.9692600795658518,10.3,0.6179779622841496,0.14480744600980436
3519105,Iacanga,10437,843177424.0,80787.33582447063,0.9652173913043478,9.1,0.5155863433943593,0.14324591786244434
3519204,Iacri,6131,288024604.0,46978.405480345784,0.9341717429750442,8.8,0.43693322341302554,0.1380873866446826
3519253,Iaras,8010,185127609.0,23112.06104868914,0.946301775147929,8.1,0.342536265793168,0.060209015754172514
3519303,Ibaté,32178,1231162979.0,38261.01619118652,0.950776397515528,9.1,0.49096200352502356,0.09288027216461041
3519402,Ibirá,11690,342388770.0,29289.030795551753,0.948548403760719,9.5,0.510827197921178,0.13317453443048938
3519501,Ibirarema,6385,281211365.0,44042.50039154268,0.9458994456126936,9.2,0.5027016209725835,0.1418851310786472
3519600,Ibitinga,60033,1961941372.0,32681.04829010711,0.9645017575410774,8.5,0.4365482233502538,0.08792220865728544
3519709,Ibiúna,75605,2676376830.0,35399.46868593347,0.9393899335734822,8.8,0.44276940256839753,0.11268146286990507
3519808,Icém,7819,236126176.0,30199.024939250543,0.9539093398235473,9.2,0.4412325285895807,0.09625158831003812
3519907,Iepê,7619,476847140.0,62586.57829111432,0.9512272872170864,9.4,0.5405405405405406,0.12371999328521067
3520004,Igaraçu do Tietê,23106,416079055.0,18007.403055483424,0.9419463795651256,8.5,0.45109480938090474,0.08480604645993109
3520103,Igarapava,26212,1592921307.0,60770.689264459026,0.948355064730175,8.8,0.4586933307445879,0.1392583244345209
3520202,Igaratá,10605,310646883.0,29292.49250353607,0.9284718996748723,8.7,0.4489095809850527,0.10463121783876501
3520301,Iguape,29115,2376543246.0,81626.07748583205,0.9417875010599508,9.3,0.4975202180420893,0.12684866627943345
3520400,Ilhabela,34934,24913501360.0,713159.13894773,0.9671857224118316,10.4,0.589432573510083,0.19707837320214802
3520426,Ilha Comprida,13419,2303081816.0,171628.42357850808,0.9584347669281399,9.8,0.5430407256921478,0.15600491354058396
3520442,Ilha Solteira,25549,768553363.0,30081.543817761947,0.9662749105774144,10.8,0.6346414073071719,0.2275758747341968
3520509,Indaiatuba,255748,26940477520.0,105339.93431033674,0.9787761484334776,10.8,0.6633805207251817,0.24185867742193115
3520608,Indiana,5090,90274984.0,17735.753241650295,0.9547079856972587,9.7,0.5319413373104648,0.14740243599304
3520707,Indiaporã,4035,121298114.0,30061.490458488228,0.9157054125998225,8.9,0.4535670356703567,0.14944649446494465
3520806,Inúbia Paulista,3615,160509048.0,44400.84315352697,0.9403034300791556,9.8,0.5745200698080279,0.14415357766143105
3520905,Ipaussu,13712,583771297.0,42573.75269836639,0.9544260215638307,9.5,0.5007172229128813,0.15463326001721334
3521002,Iperó,36459,1140856469.0,31291.49096245097,0.9597398575410344,9.3,0.47206571916687873,0.08167642034095453
3521101,Ipeúna,6831,985603808.0,144283.97130727564,0.9555998550199347,9.7,0.5194879633167749,0.15513947267863967
3521150,Ipiguá,6761,146481475.0,21665.652270374205,0.959799925898481,9.0,0.46367851622874806,0.10336166924265842
3521200,Iporanga,4046,65472660.0,16182.071181413741,0.9330596779286391,9.1,0.5011812352345596,0.11542355720553493
3521309,Ipuã,14454,506912258.0,35070.72492043725,0.9476847540844832,9.0,0.4753483386923901,0.10762772418720971
3521408,Iracemápolis,21967,2118043530.0,96419.33491145809,0.9712873486615573,10.1,0.5780319831913155,0.1539628808217579
3521507,Irapuã,6867,199585580.0,29064.4502694044,0.9293468588716853,8.6,0.44668911335578004,0.08829031051253274
3521606,Irapuru,7085,116246809.0,16407.453634438956,0.9420454545454545,8.8,0.4462084107414288,0.1263300118223273
3521705,Itaberá,17983,1204811289.0,66997.23566701885,0.9458884850147452,8.7,0.44866507488604296,0.09377034946820056
3521804,Itaí,25180,997076880.0,39597.96981731533,0.938751120406334,8.8,0.43560665721635955,0.10463590066677167
3521903,Itajobi,16989,1040974853.0,61273.46241685797,0.9555728760717069,9.1,0.42643558464742637,0.12868193989883964
3522000,Itaju,3618,338466402.0,93550.69154228855,0.9482167352537723,8.2,0.313049853372434,0.09164222873900293
3522109,Itanhaém,112476,2611455450.0,23217.890483303105,0.9591908725128149,9.9,0.5567610172241927,0.1419894753923546
3522158,Itaóca,3422,56550772.0,16525.649327878433,0.9008384979948961,8.5,0.47138437741686,0.09744779582366589
3522208,Itapecerica da Serra,158522,5275802258.0,33281.19919001779,0.9551573803478177,9.7,0.5670094302621033,0.12755580566497843
3522307,Itapetininga,157790,7249598877.0,45944.602807528994,0.9687407012982945,10.2,0.6008549976847258,0.17166931269431765
3522406,Itapeva,89728,4196751159.0,46771.92358015335,0.9558506869677563,9.5,0.5301970943668398,0.1508014778397633
3522505,Itapevi,232297,15017261084.0,64646.81456927984,0.9630504489687791,9.7,0.562989286279753,0.09361457581994852
3522604,Itapira,72022,5497230367.0,76327.09959456832,0.96408940397351,9.8,0.5385633042970294,0.1582392660172156
3522653,Itapirapuã Paulista,4306,63289874.0,14698.066418950302,0.9009406231628454,8.2,0.461784457946914,0.052126638951071315
3522703,Itápolis,39493,1973005845.0,49958.36844504089,0.9514967330192979,9.3,0.48412169664668,0.16043272738809047
3522802,Itaporanga,14085,367400991.0,26084.557401490947,0.9235366496748111,8.6,0.44100130281034805,0.10850549041503815
3522901,Itapuí,13659,1235795278.0,90474.79888718062,0.9481741054961269,9.1,0.44923857868020306,0.09517766497461928
3523008,Itapura,3979,136395113.0,34278.74164362905,0.9328197226502312,9.1,0.47429305912596403,0.07230077120822623
3523107,Itaquaquecetuba,369275,10755651305.0,29126.39985105951,0.9530139620433075,9.5,0.5456315071337466,0.08465577077091924
3523206,Itararé,44438,1304342580.0,29351.964084792296,0.9561315496098105,9.2,0.4727897199028839,0.12867886539941967
3523305,Itariri,15528,327125649.0,21066.824381761977,0.9392913190716115,8.8,0.41053093462044754,0.08135146994295744
3523404,Itatiba,121590,9032760722.0,74288.68099350276,0.9740727080612845,10.6,0.6224244828090099,0.2143498319520698
3523503,Itatinga,19070,432049968.0,22656.002517042474,0.9427304154980106,9.1,0.437577511368334,0.10961829957282623
3523602,Itirapina,16148,1735171426.0,107454.26219965321,0.9650854449027696,9.3,0.4216394955398339,0.08797293140572132
3523701,Itirapuã,5779,188762799.0,32663.574839937704,0.9381533101045296,8.5,0.45130094404789317,0.08519456596822474
3523800,Itobi,8046,250848438.0,31176.788217747948,0.942136274361686,9.0,0.4689720511605874,0.10832149060476867
3523909,Itu,168240,11782988623.0,70036.78449239182,0.9651350202933376,10.3,0.5930891180544867,0.18300754194243496
3524006,Itupeva,70616,9479462351.0,134239.58240342131,0.9741399422141666,10.3,0.6246351540881695,0.19379477654372465
3524105,Ituverava,37571,2208547310.0,58783.298554736364,0.9544362972687394,9.7,0.5244093961974137,0.1770641895278511
3524204,Jaborandi,6221,174902421.0,28114.840218614372,0.9501164596273292,9.2,0.47011144883485306,0.1529888551165147
3524303,Jaboticabal,71821,3877101780.0,53982.843179571435,0.9656885550977004,10.4,0.5851873688591396,0.21726464008878563
3524402,Jacareí,240275,17761834780.0,73922.94154614504,0.9729613755829932,10.7,0.660874231894169,0.21065285641452222
3524501,Jaci,7613,713599470.0,93734.33206357546,0.9342515166420725,8.8,0.421923474663909,0.08979662185453292
3524600,Jacupiranga,16097,579594588.0,36006.373113002424,0.9444270995941305,8.6,0.44419642857142855,0.1283068783068783
3524709,Jaguariúna,59347,13930315232.0,234726.5275751091,0.9750143949987662,10.5,0.6475413402959095,0.20955178416013925
3524808,Jales,48776,2384962213.0,48896.223819091356,0.962722931488159,10.1,0.5890636060268986,0.24352816260491456
3524907,Jambeiro,6397,369698302.0,57792.449898389874,0.9415874248010867,9.5,0.5598290598290598,0.1514041514041514
3525003,Jandira,118045,5752532953.0,48731.69514168326,0.9694527974249291,10.4,0.6331940204350618,0.15770144983045883
3525102,Jardinópolis,45282,1933190184.0,42692.243805485625,0.9611135418945526,9.5,0.4582058534895803,0.12910581308087513
3525201,Jarinu,37535,3245903103.0,86476.70448914346,0.9608185758930071,9.4,0.49666216888005116,0.1293232014771678
3525300,Jaú,133497,6248399582.0,46805.543060892756,0.9691824012683771,9.9,0.5179956855769595,0.17902963327404156
3525409,Jeriquara,3863,153123769.0,39638.563033911465,0.9432835820895522,9.0,0.4623008849557522,0.09026548672566372
3525508,Joanópolis,12815,285354380.0,22267.21654311354,0.9361580303464071,8.7,0.4341722651158127,0.14779905745512883
3525607,João Ramalho,4371,119071339.0,27241.212308396247,0.909776617348419,9.0,0.49969381506429883,0.09675443968156766
3525706,José Bonifácio,36633,1642066802.0,44824.79736849289,0.9595770936864223,9.6,0.481964804254277,0.1614246230276738
3525805,Júlio Mesquita,4254,67851478.0,15950.04184297132,0.9380298158433207,8.9,0.4582571602681292,0.09689213893967093
3525854,Jumirim,3056,237904897.0,77848.46106020942,0.9626590069757899,9.2,0.4397928355632283,0.11221406991799741
3525904,Jundiaí,443221,63835906830.0,144027.2614113501,0.9798166184751179,11.2,0.6765245767897206,0.29535488476442995
3526001,Junqueirópolis,20448,878755577.0,42975.135807902974,0.9528479154433352,9.8,0.5161013310433663,0.1818070293810955
3526100,Juquiá,17154,379655194.0,22132.167074734756,0.9307535641547862,9.0,0.4834952953879377,0.10828320222119389
3526209,Juquitiba,27404,623225787.0,22742.146657422276,0.921822608056589,8.9,0.506199748135232,0.1001646808098421
3526308,Lagoinha,5083,83001502.0,16329.235097383435,0.9386716037954177,8.8,0.4281204468188441,0.11413307430791647
3526407,Laranjal Paulista,26261,1522677901.0,57982.479760862116,0.965968707925159,9.3,0.48847093307278944,0.13702979970688814
3526506,Lavínia,9689,180410777.0,18620.164826091444,0.9651724525334232,8.8,0.3039844286695672,0.06652163956949851
3526605,Lavrinhas,7171,154189566.0,21501.822061079347,0.9568843151171044,9.2,0.5364970459310082,0.09681722889270059
3526704,Leme,98161,5139315315.0,52355.979615122094,0.9538355993513783,9.4,0.5040887077566358,0.148516685632625
3526803,Lençóis Paulista,66505,5881417984.0,88435.72639651154,0.9655783065855008,10.0,0.5735016998542982,0.16924720738222437
3526902,Limeira,291869,19078470332.0,65366.55256981728,0.9720315165701005,10.3,0.599314638779157,0.17696943998546202
3527009,Lindóia,7014,321979886.0,45905.31593954947,0.9652249134948097,9.6,0.5126536514822849,0.16775126536514823
3527108,Lins,74779,8848508844.0,118328.79343131093,0.9701200375319506,10.7,0.6100866851006802,0.22455003477582317
3527207,Lorena,84855,4172744052.0,49174.99324730423,0.9723986004924193,10.5,0.6367520072716255,0.2019239509165278
3527256,Lourdes,1950,43632559.0,22375.67128205128,0.898159509202454,8.5,0.4097000638162093,0.09125717932354818
3527306,Louveira,51847,19241992433.0,371130.29554265435,0.9653401484726786,10.4,0.6394773110101577,0.17449338982185697
3527405,Lucélia,20061,541971346.0,27016.167987637706,0.950073335288941,9.5,0.4928022447236794,0.14737098938636087
3527504,Lucianópolis,2372,73640153.0,31045.595699831367,0.9324186991869918,9.1,0.5018666666666667,0.1072
3527603,Luís Antônio,12265,1813179403.0,147833.62437831226,0.9565529991783073,9.6,0.537759426274041,0.1295229816364229
3527702,Luiziânia,4701,95716627.0,20360.907679217187,0.9250597927185756,8.5,0.3793490460157127,0.12037037037037036
3527801,Lupércio,3981,96789147.0,24312.772418990204,0.9167709637046307,8.6,0.4612828182120306,0.07510800930541708
3527900,Lutécia,2661,100630589.0,37816.83164223976,0.9377612633534603,9.3,0.5260869565217391,0.1246376811594203
3528007,Macatuba,16829,636544053.0,37824.235129835404,0.9494014834398179,9.3,0.5152777777777777,0.11959876543209877
3528106,Macaubal,7481,215139565.0,28758.129260794012,0.946236559139785,9.0,0.4506622516556291,0.1629139072847682
3528205,Macedônia,3963,93684277.0,23639.73681554378,0.9358974358974359,8.9,0.45838548185231537,0.14549436795994994
3528304,Magda,3165,121126535.0,38270.62717219589,0.9415949082740547,9.1,0.4674970805760997,0.13857532113662904
3528403,Mairinque,50027,2613752712.0,52246.84094588922,0.9614919702987395,9.9,0.578941908713693,0.1417271784232365
3528502,Mairiporã,93853,2484184151.0,26468.883797001694,0.9581758096497026,10.2,0.6097152895903628,0.18605169961796938
3528601,Manduri,9871,310583804.0,31464.269476243542,0.9520810176608621,9.1,0.4936774193548387,0.12
3528700,Marabá Paulista,4573,139886538.0,30589.664990159632,0.9358030956609997,8.5,0.3601361969617601,0.0749083289680461
3528809,Maracaí,12673,953215328.0,75216.23356742681,0.9483572598516234,9.6,0.5515182186234818,0.1360323886639676
3528858,Marapoama,3292,124020437.0,37673.279769137305,0.9490095377842993,9.0,0.48791714614499426,0.11469121595703874
3528908,Mariápolis,3513,69905743.0,19899.15826928551,0.9474948524365134,9.3,0.5012649078424286,0.12432237079869896
3529005,Marília,237627,11020231383.0,46376.175194737974,0.9737082129168461,10.8,0.6365339528310976,0.23261677140318385
3529104,Marinópolis,1860,42489826.0,22843.99247311828,0.8970679975046787,9.0,0.4697855750487329,0.10071474983755685
3529203,Martinópolis,24881,766182395.0,30793.87464330212,0.9408771504724982,9.5,0.5087772550209946,0.14493853392016998
3529302,Matão,79033,6187823911.0,78294.17978565916,0.96260066427044,9.9,0.5773319453644995,0.16395381849153023
3529401,Mauá,418261,24111460530.0,57646.92507788199,0.9673939849447465,10.2,0.6146643218561026,0.1496637048006911
3529500,Mendonça,6159,474541432.0,77048.45461925637,0.9481393507521774,9.1,0.48479205462445685,0.12456031450444859
3529609,Meridiano,4572,399566164.0,87394.17410323709,0.9433912585571353,9.3,0.5044370493621742,0.13921242373821408
3529658,Mesópolis,1952,78851943.0,40395.46260245902,0.8896595208070618,8.4,0.45195493704440026,0.09078860172299535
3529708,Miguelópolis,19441,1079728834.0,55538.74975567101,0.9254611142802814,8.9,0.44972198030414684,0.12514235948281638
3529807,Mineiros do Tietê,11230,255740214.0,22772.94870881567,0.9410871216230877,8.7,0.43363233791302375,0.10537072783013512
3529906,Miracatu,18553,471305511.0,25403.196841481164,0.9209445585215605,8.3,0.42853017614784866,0.10063528732313023
3530003,Mira Estrela,3126,67283145.0,21523.718809980805,0.9456771231828616,8.6,0.4517022961203484,0.13064133016627077
3530102,Mirandópolis,27983,788259463.0,28169.226423185504,0.9526985047425754,9.6,0.4816803401915725,0.1346162106438727
3530201,Mirante do Paranapanema,15917,585090332.0,36758.83219199598,0.9173503028444376,9.2,0.5159441349802212,0.1332041656575442
3530300,Mirassol,63337,3039964543.0,47996.66139855061,0.9718023088300263,10.3,0.5965582405210889,0.21235575569940895
3530409,Mirassolândia,4669,209298604.0,44827.28721353609,0.9529689963215975,8.4,0.39813289401427787,0.09555189456342669
3530508,Mococa,67681,3478085054.0,51389.38629748378,0.9642476933995742,9.9,0.5506605463502016,0.15778474399164055
3530607,Mogi das Cruzes,451505,22702759066.0,50282.40897885959,0.9706623276866023,10.7,0.6596355633496118,0.22786000894251818
3530706,Mogi Guaçu,153658,8182932159.0,53254.18890653269,0.9719042005237798,10.2,0.5826249067859806,0.16802551992708592
3530805,Mogi Mirim,92558,7317579339.0,79059.39345059314,0.9695248739408432,10.3,0.5889055268173156,0.2222161720664307
3530904,Mombuca,3722,147771732.0,39702.238581407844,0.9292649098474342,8.9,0.4520497803806735,0.06185944363103953
3531001,Monções,1937,63512781.0,32789.25193598348,0.942189421894219,9.0,0.4897039897039897,0.12805662805662807
3531100,Mongaguá,61951,1396443614.0,22541.098836176978,0.9616943055363391,9.5,0.5004164237528108,0.11255934038477555
3531209,Monte Alegre do Sul,8627,284876225.0,33021.470383679145,0.9579381443298969,9.6,0.5478025114155252,0.1512557077625571
3531308,Monte Alto,47574,2825781759.0,59397.60707529323,0.9669105711360287,9.9,0.5438796976858946,0.1736228345843181
3531407,Monte Aprazível,22280,880683706.0,39527.993985637346,0.962148502607667,9.7,0.5445114731916333,0.17635451316457124
3531506,Monte Azul Paulista,18151,806993239.0,44459.987824362295,0.9519596277362695,9.2,0.47686392969929975,0.14671151997803103
3531605,Monte Castelo,4222,130920370.0,31009.08810990052,0.92542470486611,8.8,0.4813027744270205,0.11097708082026538
3531704,Monteiro Lobato,4138,90419663.0,21851.054374093765,0.9189842805320435,9.5,0.499841822208162,0.1866497943688706
3531803,Monte Mor,64662,4751055794.0,73475.23729547493,0.9557529048159306,9.6,0.5519637150809195,0.10699927842490464
3531902,Morro Agudo,27933,1459845059.0,52262.37994486808,0.9484940295847443,9.0,0.44223555888972244,0.13259564891222805
3532009,Morungaba,13720,708975921.0,51674.62981049563,0.963639636396364,9.4,0.49200037868029917,0.12714191044210926
3532058,Motuca,4034,132075421.0,32740.560485870104,0.9300423985463355,9.0,0.4810810810810811,0.10937996820349762
3532108,Murutinga do Sul,3737,83672316.0,22390.237088573722,0.943449575871819,9.0,0.46005239030779305,0.14374590700720366
3532157,Nantes,2660,156852432.0,58967.07969924812,0.9251184834123223,9.4,0.5767301905717152,0.10832497492477432
3532207,Narandiba,5713,741378623.0,129770.45737791003,0.9389745916515426,9.5,0.5597800095648016,0.1054519368723099
3532306,Natividade da Serra,6999,120667872.0,17240.730390055724,0.8940084092501752,7.5,0.3292616226071103,0.06581586144029171
3532405,Nazaré Paulista,18217,505080919.0,27725.801119833122,0.9290570101635592,8.7,0.466554715924993,0.11915757066890569
3532504,Neves Paulista,9699,312975198.0,32268.81101144448,0.9507594316511514,9.4,0.49232147427693884,0.1695674430509342
3532603,Nhandeara,9852,437104509.0,44367.08373934226,0.9440325281033246,9.5,0.5267700775581686,0.20327745809357017
3532702,Nipoã,4750,103610376.0,21812.710736842106,0.9291005291005291,8.0,0.3444320089535534,0.09904868494683827
3532801,Nova Aliança,6693,385749554.0,57634.77573584342,0.9540481400437637,9.4,0.47212610534409843,0.1261053440984237
3532827,Nova Campina,8497,229915533.0,27058.43627162528,0.9222860598729967,8.0,0.4043274664944292,0.056192475375423864
3532843,Nova Canaã Paulista,2032,46089509.0,22681.84498031496,0.9422096317280453,8.2,0.41117052881758764,0.10576351752822341
3532868,Nova Castilho,1062,63339779.0,59641.976459510355,0.9590163934426229,9.5,0.5456790123456791,0.1037037037037037
3532900,Nova Europa,9311,430589789.0,46245.278595209966,0.9452875399361023,9.1,0.47975564710896434,0.11805654212246057
3533007,Nova Granada,19419,593529631.0,30564.376692929603,0.9467029145855724,8.9,0.46881260852143714,0.10531588086015761
3533106,Nova Guataporanga,2156,38624443.0,17914.86224489796,0.8996074032529445,9.0,0.46068075117370894,0.11737089201877934
3533205,Nova Independência,4609,207948953.0,45118.019743979174,0.9612137203166227,9.8,0.49958298582151794,0.09341117597998332
3533254,Novais,4412,81999048.0,18585.45965548504,0.945852534562212,8.3,0.41633648277964036,0.06491923194148126
3533304,Nova Luzitânia,2837,59751947.0,21061.66619668664,0.9387151310228233,9.3,0.5307486631016043,0.09581105169340463
3533403,Nova Odessa,62019,4620501035.0,74501.37917412406,0.9786654116908837,10.5,0.6280862611269864,0.18062208334189914
3533502,Novo Horizonte,38324,1821681962.0,47533.71156455485,0.9465559324182965,9.4,0.49623511460510167,0.1382890503200982
3533601,Nuporanga,7391,1003708836.0,135801.49316736573,0.9546742209631728,9.5,0.5111072240685675,0.15987405982158476
3533700,Ocauçu,4331,128930226.0,29769.158623874395,0.9371576823292015,8.6,0.4541880858784397,0.08134260659207741
3533809,Óleo,2512,121966034.0,48553.357484076434,0.9490384615384615,8.6,0.46046046046046046,0.11411411411411411
3533908,Olímpia,55074,3126540557.0,56769.81074554236,0.9654629342087752,9.8,0.5777364629328375,0.16727864280734372
3534005,Onda Verde,4771,247119316.0,51796.125759798786,0.9428794992175273,9.5,0.5397350993377483,0.09105960264900662
3534104,Oriente,6085,148156988.0,24347.902711585866,0.9580779118054182,9.9,0.5755127408328155,0.16677025067329604
3534203,Orindiúva,6024,697765661.0,115830.95302124834,0.9396462018730489,10.0,0.5865763008307827,0.1764320069960647
3534302,Orlândia,38319,2864547039.0,74755.26602990684,0.9645301023290853,9.8,0.5261317143988385,0.16810743038141746
3534401,Osasco,728615,112145798194.0,153916.4005599665,0.9719108325377576,10.6,0.6306401490507939,0.22938541365672582
3534500,Oscar Bressane,2470,104638356.0,42363.70688259109,0.94174289841117,9.0,0.46670005007511267,0.14221331997996994
3534609,Osvaldo Cruz,31272,1231458434.0,39378.9471092351,0.9630231152742106,9.9,0.5358976384171866,0.18466155911855303
3534708,Ourinhos,103970,4463317190.0,42928.894777339614,0.9676495445581744,10.2,0.5716229084478303,0.20004699422465713
3534757,Ouroeste,10294,608635932.0,59125.309112104136,0.9446949916923807,9.7,0.543840039741679,0.19957774465971187
3534807,Ouro Verde,7779,143472239.0,18443.532459184986,0.917940466613033,8.8,0.4887487214456188,0.12001363791339925
3534906,Pacaembu,14877,244521625.0,16436.21865967601,0.9508616148694409,8.6,0.3689012603417614,0.09634268924456815
3535002,Palestina,11476,466894631.0,40684.43978738236,0.9352647776716545,9.1,0.45793255942509675,0.1332227750138198
3535101,Palmares Paulista,9650,158111198.0,16384.580103626944,0.9312516062708815,8.2,0.4269418794133623,0.10497012493210212
3535200,Palmeira d'Oeste,8903,231467952.0,25998.87139166573,0.9393661602933473,9.0,0.46955807908058556,0.17745245587631686
3535309,Palmital,19594,1256951719.0,64149.827447177704,0.9599926927292656,9.7,0.5353124404042973,0.16953785519038841
3535408,Panorama,14964,343055196.0,22925.36728147554,0.9333052631578947,8.6,0.4522394678492239,0.08993348115299335
3535507,Paraguaçu Paulista,41120,2653821106.0,64538.451021400775,0.9539154022714401,10.0,0.5701173826173827,0.16617757242757242
3535606,Paraibuna,17667,364785802.0,20647.86336106866,0.9334119442325033,9.0,0.4524745269286754,0.12234352256186318
3535705,Paraíso,6099,341514012.0,55995.0831283817,0.9406329860428543,9.2,0.49179318834632746,0.1871153057037341
3535804,Paranapanema,19395,1134949704.0,58517.64392884764,0.9430683439242641,8.6,0.4551554155826373,0.11063946323428728
3535903,Paranapuã,4031,135993490.0,33736.911436368144,0.9322900993078543,8.7,0.4461933825891423,0.10793446835849663
3536000,Parapuã,10580,881743237.0,83340.57060491493,0.9328014383638611,9.1,0.4664476771468794,0.13995776630689816
3536109,Pardinho,7153,440221167.0,61543.571508457986,0.947515745276417,9.2,0.48449972155188414,0.11453499164655652
3536208,Pariquera-Açu,19233,661857042.0,34412.57432537826,0.9506923773780251,9.4,0.5219096099607897,0.12547293114122585
3536257,Parisi,2892,56106775.0,19400.682918395574,0.9328295549958019,8.8,0.4129572498898193,0.11635081533715293
3536307,Patrocínio Paulista,14512,1599786053.0,110238.84047684674,0.9584307612366848,9.5,0.49555515239477504,0.12654208998548622
3536406,Paulicéia,7955,254093733.0,31941.386926461346,0.9478552065061394,9.2,0.47633536173089924,0.09567275185936444
3536505,Paulínia,110537,70496583770.0,637764.5835331156,0.97813761560225,10.8,0.6585937040305972,0.2734451309208591
3536570,Paulistânia,2090,52259400.0,25004.497607655503,0.9239835002946376,8.4,0.42429906542056073,0.09345794392523364
3536604,Paulo de Faria,7400,306078825.0,41362.00337837838,0.9276485788113695,8.9,0.41298833079654995,0.1165229156096736
3536703,Pederneiras,44827,3986159062.0,88923.17268610436,0.9539014881115809,9.3,0.5253051072936549,0.13803574527155996
3536802,Pedra Bela,6557,124824062.0,19036.764068933964,0.927176492060595,8.2,0.401226288561027,0.09369611036597049
3536901,Pedranópolis,2787,84613995.0,30360.24219590958,0.9425433037600338,8.1,0.3880597014925373,0.09701492537313433
3537008,Pedregulho,15525,995360391.0,64113.390724637684,0.9399635181219763,8.8,0.45587125974352527,0.13091945352443216
3537107,Pedreira,43112,1636576667.0,37961.047202634996,0.9673997341014846,9.7,0.514417664886708,0.14460961177659115
3537156,Pedrinhas Paulista,2804,203321074.0,72511.0820256776,0.9507368421052631,8.9,0.3369755244755245,0.2194055944055944
3537206,Pedro de Toledo,11281,169835095.0,15054.968087935467,0.9267073847862298,8.4,0.45956098133583756,0.07524357318934147
3537305,Penápolis,61679,2259079347.0,36626.393861768185,0.9681405448085274,10.0,0.5430570505920345,0.18404819077585494
3537404,Pereira Barreto,24095,1296050480.0,53789.1877982984,0.9456510809451986,9.6,0.5253671208185337,0.19609818162540424
3537503,Pereiras,8737,334838053.0,38324.144786540004,0.9524080934739242,9.4,0.48389039445950016,0.12180066245106895
3537602,Peruíbe,68352,2471440333.0,36157.54232502341,0.9599443520994435,9.7,0.5337980686817896,0.16244786012227871
3537701,Piacatu,5519,116895578.0,21180.57220510962,0.9292576419213974,9.0,0.4746309963099631,0.15359778597785978
3537800,Piedade,52970,1614592521.0,30481.263375495564,0.954201632371537,9.0,0.44882706078067364,0.10492562142874363
3537909,Pilar do Sul,27619,1568001710.0,56772.57359064412,0.9488840892728582,9.1,0.4645406949071871,0.13655402189433602
3538006,Pindamonhangaba,165428,13719557144.0,82933.70616824238,0.9741898737971761,10.7,0.6421986487339774,0.1949943171055124
3538105,Pindorama,14542,580740524.0,39935.39568147435,0.950004098024752,9.4,0.5075072513222999,0.14741511687425354
3538204,Pinhalzinho,15224,353044914.0,23190.0232527588,0.9619753865572735,8.6,0.4399671052631579,0.11085526315789473
3538303,Piquerobi,3264,75045123.0,22991.765625,0.9215041986126323,8.6,0.4524627720504009,0.10118365788468882
3538501,Piquete,12490,211421675.0,16927.275820656527,0.9670793742201746,10.2,0.5943795326349718,0.1377921031426269
3538600,Piracaia,26029,708921401.0,27235.82930577433,0.945333639073607,9.3,0.5001201056930098,0.16622627912563057
3538709,Piracicaba,423323,42063296890.0,99364.5440715482,0.9762405851638768,10.7,0.6353917708480147,0.2211573350766029
3538808,Piraju,29436,976905834.0,33187.45189563799,0.9669786041142763,10.1,0.5642163903033468,0.19532576054315184
3538907,Pirajuí,22431,582403026.0,25964.20248762873,0.9479166666666666,9.6,0.5189280461898796,0.12925540606786862
3539004,Pirangi,10885,422167619.0,38784.347175011484,0.9488530347931072,9.3,0.49028177113283494,0.14111558366877516
3539103,Pirapora do Bom Jesus,18370,713384886.0,38834.234403919436,0.9538537410173312,9.3,0.5499324222856284,0.10399459378285028
3539202,Pirapozinho,25348,1226915658.0,48402.858529272526,0.9560249639942391,9.9,0.570099534837193,0.15355374381033363
3539301,Pirassununga,73545,3844918464.0,52279.807791148276,0.9691661865174088,10.5,0.6095949489373448,0.23016146839635662
3539400,Piratininga,15108,325773121.0,21562.95479216309,0.9652152561794074,10.6,0.6252879447146148,0.23009982083439978
3539509,Pitangueiras,33674,1637314793.0,48622.521619053274,0.9449108852555604,9.3,0.4931875853991802,0.12363849307046652
3539608,Planalto,4389,231891370.0,52834.67076782866,0.9208472686733556,8.8,0.4423758865248227,0.09101654846335698
3539707,Platina,3025,139776855.0,46207.22479338843,0.9345484672742337,8.7,0.48391304347826086,0.06565217391304348
3539806,Poá,103765,4022934981.0,38769.67167156556,0.973546487369312,10.6,0.6502771994079724,0.15957153249880843
3539905,Poloni,5592,172111564.0,30778.176680972818,0.937079626817097,8.9,0.48129675810473815,0.1237814554522784
3540002,Pompéia,20196,2325356654.0,115139.46593384829,0.9642493562488772,10.4,0.6182557049077837,0.22400750234448266
3540101,Pongaí,3395,99853716.0,29411.99293078056,0.9523478260869566,9.5,0.5248098515030786,0.16588192683810213
3540200,Pontal,37607,1667659750.0,44344.397319647935,0.9414071587623384,9.0,0.46303103131405954,0.0969463490492684
3540259,Pontalinda,4127,97316213.0,23580.376302398836,0.8935591170244935,8.0,0.372680742162508,0.11228406909788867
3540309,Pontes Gestal,2387,115084068.0,48212.847926267284,0.9158110882956879,9.1,0.4853801169590643,0.1392876129718235
3540408,Populina,4127,120313545.0,29152.785316210324,0.9173722627737226,8.3,0.4181985294117647,0.15073529411764705
3540507,Porangaba,10451,259914531.0,24869.824035977417,0.9467203682393556,8.8,0.424786221847525,0.12043839576056847
3540606,Porto Feliz,56497,4346576883.0,76934.64932651291,0.9644561532315533,9.7,0.5575730133574824,0.12476794204211003
3540705,Porto Ferreira,52649,2690983419.0,51111.76696613421,0.961557834966572,9.6,0.5141338487557381,0.1539502295240396
3540754,Potim,20392,333131610.0,16336.387308748528,0.9524585218702866,8.8,0.39700776466132187,0.05738274098857395
3540804,Potirendaba,18496,738361947.0,39920.087964965394,0.9563055297705875,9.3,0.4827202558931924,0.1330922745288923
3540853,Pracinha,2578,36226968.0,14052.353762606672,0.9597430406852249,8.6,0.2838964458095656,0.055287406757349715
3540903,Pradópolis,17078,1224933671.0,71725.8268532615,0.9429802513464991,9.0,0.49849420268031924,0.14026502032826382
3541000,Praia Grande,349935,9984881465.0,28533.53184162773,0.9730229826497976,10.5,0.6151221458590485,0.1759899762457908
3541059,Pratânia,5126,132254685.0,25800.757900897384,0.9147882090661382,8.4,0.4015706806282722,0.0662303664921466
3541109,Presidente Alves,3804,81380053.0,21393.2841745531,0.938565455130267,9.1,0.5033602150537635,0.09576612903225806
3541208,Presidente Bernardes,14490,336492110.0,23222.36783988958,0.9548018111049329,9.3,0.47276312546216415,0.14920713170651548
3541307,Presidente Epitácio,39505,1570777976.0,39761.49793697,0.9516089261496733,9.8,0.5352130977130977,0.14991554054054054
3541406,Presidente Prudente,225668,10344114975.0,45837.75712551182,0.9754467497721616,10.8,0.6283853789507693,0.24568576553291518
3541505,Presidente Venceslau,35201,912751618.0,25929.70705377688,0.9528556034482759,9.9,0.5539376968848443,0.19145957297864893
3541604,Promissão,35131,2922927936.0,83200.81796703766,0.9637441171343908,9.3,0.4962403243641725,0.1606708440840398
3541653,Quadra,3405,157133527.0,46147.87870778267,0.9434782608695652,8.5,0.4101681957186544,0.10741590214067279
3541703,Quatá,13163,917950531.0,69737.18232925625,0.9300085009917823,9.3,0.5447412851325851,0.14003376700764725
3541802,Queiroz,3265,747539905.0,228955.56049004593,0.9297632906480403,9.2,0.5049180327868853,0.10450819672131148
3541901,Queluz,9159,451013232.0,49242.62823452342,0.9538357094365241,9.0,0.5230504093063335,0.10440901910096223
3542008,Quintana,7038,326892685.0,46446.815146348396,0.946246034543532,9.6,0.526989426822482,0.12539417547764795
3542107,Rafard,8965,543863159.0,60665.15995538204,0.9572096862960925,8.8,0.4806991988346686,0.13838310269482884
3542206,Rancharia,28588,1724782502.0,60332.394781027004,0.9508714969241285,9.7,0.5625419556947863,0.15542626985902885
3542305,Redenção da Serra,4494,82130385.0,18275.564085447262,0.9208535926526202,8.0,0.34319863403528744,0.07114399544678429
3542404,Regente Feijó,20145,1123239391.0,55757.726036237276,0.9560975609756097,10.1,0.5630331753554503,0.19684044233807266
3542503,Reginópolis,7662,197943416.0,25834.431741059776,0.9340361445783133,8.7,0.3578363384188627,0.0867622129758052
3542602,Registro,59947,2726881038.0,45488.19854204547,0.9636740617872693,9.8,0.5287886068760649,0.15654624088069546
3542701,Restinga,6404,253224678.0,39541.64241099313,0.9533004926108375,8.9,0.48836242726517043,0.08645054031587697
3542800,Ribeira,3132,56194050.0,17941.9061302682,0.9117647058823529,8.3,0.46855213170113974,0.07598142676234698
3542909,Ribeirão Bonito,10989,412615322.0,37548.03185003185,0.9309805673442038,9.3,0.49379971923256905,0.13219466541881142
3543006,Ribeirão Branco,18627,445041016.0,23892.25403983465,0.9089717046238786,7.7,0.33847283406754775,0.04933920704845815
3543105,Ribeirão Corrente,4608,211826790.0,45969.35546875,0.9277008310249307,8.4,0.3966627634660422,0.08899297423887588
3543204,Ribeirão do Sul,4677,295843701.0,63255.014111610006,0.9334708612686952,9.2,0.463183540877098,0.16838115863562533
3543238,Ribeirão dos Índios,2025,45555183.0,22496.386666666665,0.9167148640832852,8.8,0.4371221281741233,0.08827085852478839
3543253,Ribeirão Grande,7450,114005038.0,15302.68966442953,0.9151565074135091,8.3,0.42882096069868997,0.06707423580786026
3543303,Ribeirão Pires,115559,4665685953.0,40374.92495608304,0.9717895790329643,10.6,0.6623001558430236,0.19567562854869822
3543402,Ribeirão Preto,698642,47434521407.0,67895.31892872172,0.9794951242393727,10.9,0.6402644058054319,0.2586668343152752
3543501,Riversul,5599,102811999.0,18362.56456510091,0.9136434453594481,8.1,0.35764705882352943,0.09482352941176471
3543600,Rifaina,4049,207289248.0,51195.1711533712,0.9544637507489515,9.8,0.5725047080979284,0.1522284996861268
3543709,Rincão,9098,252857453.0,27792.64156957573,0.9406300484652665,9.0,0.5035400736335316,0.10606060606060606
3543808,Rinópolis,9259,387787637.0,41882.23749864996,0.9403138667352714,9.2,0.45517241379310347,0.14036511156186612
3543907,Rio Claro,201418,13877679580.0,68899.89762583285,0.9743480581156196,10.6,0.6436210943874668,0.22047174903654235
3544004,Rio das Pedras,31328,2124685713.0,67820.66244254341,0.9660190325138779,9.7,0.5557705248990579,0.11906965006729475
3544103,Rio Grande da Serra,44170,1037153032.0,23480.93801222549,0.9579449810766537,10.0,0.611034565386689,0.1037560654166417
3544202,Riolândia,10309,313423066.0,30402.85827917354,0.9259301399476618,5.9,0.28508823877768563,0.06111571716214616
3544251,Rosana,17440,1631427680.0,93545.16513761468,0.9418255464767092,9.9,0.5614820249449743,0.1656639765223771
3544301,Roseira,10832,416137459.0,38417.416820531755,0.9674768518518518,9.9,0.5565933390684528,0.15841219122526728
3544400,Rubiácea,2700,69438880.0,25718.103703703702,0.9207688701359588,8.5,0.3779411764705882,0.08284313725490196
3544509,Rubinéia,3833,145707499.0,38013.95747456301,0.9570628500311139,9.2,0.47337850919651503,0.1355275895450145
3544608,Sabino,5112,167592452.0,32784.125978090764,0.943764705882353,8.4,0.36270848892208113,0.09360219068956933
3544707,Sagres,2474,54988258.0,22226.458367016978,0.911144578313253,8.9,0.48762506582411796,0.0947867298578199
3544806,Sales,6437,203344845.0,31590.00233027808,0.9353747886530153,8.7,0.43699467560638927,0.11950305659633209
3544905,Sales Oliveira,11411,474424454.0,41576.06292174218,0.9685247986434931,9.0,0.49949771179819175,0.1840607210626186
3545001,Salesópolis,15202,271541435.0,17862.217800289436,0.940424154120123,9.1,0.4790578158458244,0.11931477516059957
3545100,Salmourão,4808,92861161.0,19313.885399334442,0.8989307535641547,7.4,0.34484605087014725,0.07443105756358769
3545159,Saltinho,8161,431950188.0,52928.58571253523,0.979096623300687,9.5,0.4567637639164252,0.1181942961720299
3545209,Salto,134319,10822151682.0,80570.52004556317,0.9740590917012943,10.5,0.6266509139459605,0.19508399850157046
3545308,Salto de Pirapora,43748,2659063228.0,60781.36664533236,0.9664705385546578,9.4,0.5359129097148266,0.11776712815051474
3545407,Salto Grande,9050,320746215.0,35441.57071823205,0.9272948822095857,8.8,0.4656401482748788,0.11947533504419731
3545506,Sandovalina,3645,378966479.0,103968.85569272976,0.9450856942987058,9.4,0.5406203840472673,0.1137370753323486
3545605,Santa Adélia,14018,462736507.0,33010.16600085604,0.9562119000601013,9.2,0.4945114270289725,0.13874392657908943
3545704,Santa Albertina,6393,277754737.0,43446.697481620526,0.9283004552352049,8.8,0.4368816778789078,0.15809259992085478
3545803,Santa Bárbara d'Oeste,183347,9437421271.0,51473.00621771831,0.9740903066647421,10.0,0.5772115378041527,0.15306938680631996
3546009,Santa Branca,13975,323281467.0,23132.842003577818,0.9499053193320709,9.6,0.5288277620912651,0.13134165224519537
3546108,Santa Clara d'Oeste,2598,101020668.0,38884.01385681293,0.9369024856596558,9.2,0.46469135802469136,0.1511111111111111
3546207,Santa Cruz da Conceição,4277,173305963.0,40520.44961421557,0.9628814957382458,10.0,0.5532951289398281,0.18624641833810887
3546256,Santa Cruz da Esperança,2116,61840488.0,29225.18336483932,0.9566998244587478,9.4,0.49507389162561577,0.10837438423645321
3546306,Santa Cruz das Palmeiras,28864,723279634.0,25058.19131097561,0.9411914029446606,9.0,0.44626407369498466,0.13039028080637266
3546405,Santa Cruz do Rio Pardo,46442,3445164454.0,74182.08634425735,0.9651064504199904,9.9,0.5480098880648835,0.1865955614809877
3546504,Santa Ernestina,6118,122316261.0,19992.85076822491,0.9512146155390484,9.9,0.5806313993174061,0.14633105802047783
3546603,Santa Fé do Sul,34794,1681363387.0,48323.37147209289,0.9625012984314948,10.4,0.5987268018990073,0.24007337073802332
3546702,Santa Gertrudes,23611,3508436630.0,148593.30947439754,0.9679096165066567,9.8,0.5242102900746227,0.10536946641979465
3546801,Santa Isabel,53174,1947787624.0,36630.45142362809,0.9456614970906646,9.8,0.5784361696922249,0.14415031560405148
3546900,Santa Lúcia,7149,141710316.0,19822.396978598405,0.9382568650861334,9.3,0.4982761749228815,0.08691707494102703
3547007,Santa Maria da Serra,5243,164149021.0,31308.224489795917,0.9337811900191939,8.8,0.4354513363590519,0.08875441250630359
3547106,Santa Mercedes,2956,73932624.0,25011.036535859268,0.9369256474519633,9.4,0.49559082892416223,0.10052910052910052
3547205,Santana da Ponte Pensa,1670,45598463.0,27304.468862275447,0.9245152354570637,9.0,0.46733668341708545,0.12419239052404882
3547304,Santana de Parnaíba,154105,12774323594.0,82893.63482041465,0.9701329073271958,11.2,0.7136628033731872,0.3023659402279605
3547403,Santa Rita d'Oeste,2733,82816562.0,30302.437614343213,0.9244558258642765,9.0,0.46793454223794784,0.18664307828394516
3547502,Santa Rita do Passa Quatro,24833,874777001.0,35226.39234083679,0.9647610476957325,9.9,0.5413723262362298,0.18841080867460358
3547601,Santa Rosa de Viterbo,23411,890869120.0,38053.44154457306,0.9662155181320384,9.8,0.5470168612191959,0.14088845654993515
3547650,Santa Salete,1645,44239580.0,26893.36170212766,0.9494949494949495,9.2,0.4969604863221885,0.14817629179331307
3547700,Santo Anastácio,17963,578356216.0,32197.083783332404,0.9594460274335697,10.1,0.5903114186851212,0.19986159169550172
3547809,Santo André,748919,36470028631.0,48696.893296871895,0.9799289661872681,11.3,0.6976830071665746,0.28976384240190045
3547908,Santo Antônio da Alegria,6775,201695276.0,29770.520442804427,0.9563563926113727,9.1,0.45716981132075474,0.1409433962264151
3548005,Santo Antônio de Posse,23244,1947452238.0,83783.00800206505,0.9625597450876261,8.5,0.41902901785714286,0.10982142857142857
3548054,Santo Antônio do Aracanguá,8379,292812002.0,34945.93650793651,0.9425051334702259,9.4,0.5063076923076923,0.10938461538461539
3548104,Santo Antônio do Jardim,6126,274001154.0,44727.57982370225,0.939945226917058,9.0,0.44652792087368637,0.11518648258808985
3548203,Santo Antônio do Pinhal,7133,159641819.0,22380.74008131221,0.9566547679755227,9.5,0.5094373219373219,0.1647079772079772
3548302,Santo Expedito,3000,53812634.0,17937.544666666665,0.9323248407643312,8.9,0.48548590660496427,0.07572570466975179
3548401,Santópolis do Aguapeí,3899,87085663.0,22335.3842010772,0.9300031816735603,9.4,0.49462004034969737,0.11600537995965031
3548500,Santos,418608,27510857303.0,65719.85557609984,0.9839799239611655,11.9,0.7367479382459722,0.36683562803753494
3548609,São Bento do Sapucaí,11674,305965070.0,26209.103135172176,0.9618635332921047,9.2,0.5009673258813414,0.16337059329320722
3548708,São Bernardo do Campo,810729,65652404178.0,80979.46931465385,0.9759960335835174,11.1,0.6880513682121747,0.2702119593958993
3548807,São Caetano do Sul,165655,18128058799.0,109432.60872898494,0.9884047435787793,12.3,0.7795334000964356,0.45197878416972664
3548906,São Carlos,254857,15599640336.0,61209.38540436402,0.9750399379897721,11.1,0.6807129600379087,0.24899305007107883
3549003,São Francisco,2602,50205106.0,19294.813989239046,0.9148648648648648,8.6,0.4429245283018868,0.13443396226415094
3549102,São João da Boa Vista,92547,4683628525.0,50608.10750213405,0.9727177740799504,10.4,0.5960476016803772,0.22578379327578987
3549201,São João das Duas Pontes,2580,55918879.0,21673.984108527133,0.9162812210915818,8.9,0.47600581677169174,0.11051866214251091
3549250,São João de Iracema,1846,52814894.0,28610.45178764897,0.9263437292634373,9.2,0.4576627011896431,0.12386284114765571
3549300,São João do Pau d'Alho,2242,64165545.0,28619.779214986618,0.9415481832543444,9.1,0.5229257641921398,0.14737991266375547
3549409,São Joaquim da Barra,48558,2485889106.0,51194.223526504386,0.9653088238967007,10.0,0.5508815989117355,0.17221263014702035
3549508,São José da Bela Vista,7626,281274434.0,36883.613165486495,0.9324301999008756,8.5,0.41530630156222575,0.08846761453396525
3549607,São José do Barreiro,3853,66747687.0,17323.56267843239,0.9213917525773195,8.1,0.45133041428090265,0.11889525092623779
3549706,São José do Rio Pardo,52205,2619385788.0,50174.998333492964,0.9690400332456018,9.3,0.5017973895630775,0.15715698810586504
3549805,São José do Rio Preto,480393,23799646384.0,49542.034092919755,0.9783722965370671,10.8,0.6319118122050075,0.25181553913958554
3549904,São José dos Campos,697054,56653326722.0,81275.37711855896,0.9786166466326058,11.2,0.6843733217187814,0.2621634440591383
3549953,São Lourenço da Serra,16067,301589307.0,18770.729258729072,0.9356477561388654,9.6,0.5481181707810603,0.13443949817887496
3550001,São Luís do Paraitinga,10337,220581512.0,21339.02602302409,0.9282198053806525,8.7,0.4467011176541281,0.13556062973200336
3550100,São Manuel,37289,1482433370.0,39755.24605111427,0.9543939888925188,9.7,0.5673030862930267,0.13511941422021487
3550209,São Miguel Arcanjo,32039,941899305.0,29398.523830331782,0.9478818499805675,8.4,0.39123443555702153,0.10031335037519584
3550308,São Paulo,11451999,945946482808.0,82600.99243878732,0.9741693936207855,10.9,0.6476989460793123,0.277010011331461
3550407,São Pedro,38256,1023481532.0,26753.490485152655,0.9647281323877068,10.1,0.5700773860705073,0.18089820755340963
3550506,São Pedro do Turvo,7217,235145548.0,32582.17375640848,0.9381711118808451,8.6,0.42357038123167157,0.10245601173020528
3550605,São Roque,79484,3900209584.0,49069.11559559157,0.9629207425094354,10.4,0.5977667133948856,0.21213000112792252
3550704,São Sebastião,81595,18873505615.0,231307.13419939947,0.9561720390268,10.0,0.5747045421017261,0.15222843280279313
3550803,São Sebastião da Grama,10441,379071510.0,36306.054017814386,0.9574687607474492,8.5,0.4287425149700599,0.13892215568862276
3550902,São Simão,13442,531982172.0,39576.117542032436,0.9622473510818271,10.0,0.5646693631831436,0.1453296961715737
3551009,São Vicente,329911,6746300707.0,20448.850468762786,0.9676555165952394,9.9,0.5398722407662442,0.1305991923624565
3551108,Sarapuí,10369,228901398.0,22075.551933648374,0.9566730676908305,9.2,0.5140010090817356,0.1127648839556004
3551207,Sarutaiá,3704,93449444.0,25229.33153347732,0.9280290524925718,8.2,0.3905325443786982,0.07274625826662026
3551306,Sebastianópolis do Sul,3130,424963418.0,135771.06006389778,0.9294071762870515,9.1,0.4653262207632335,0.1436192039392696
3551405,Serra Azul,12746,190474262.0,14943.846069355091,0.941622510506121,8.6,0.3723987892546349,0.057983352251229664
3551504,Serrana,43909,1366460223.0,31120.27654922681,0.9553178099433606,9.3,0.4822976878612717,0.09082972061657033
3551603,Serra Negra,29894,896883444.0,30002.122298789054,0.9645581691036237,10.0,0.5626657824933687,0.17979111405835543
3551702,Sertãozinho,126887,8098068339.0,63821.10333603915,0.9613644545198042,10.0,0.5533519867990858,0.17396919103403746
3551801,Sete Barras,12730,363320094.0,28540.463000785545,0.9135691446842525,8.3,0.3830238726790451,0.07225464190981433
3551900,Severínia,14576,314475315.0,21574.870677826566,0.9242130137564352,8.9,0.4605579819948302,0.1137356270612354
3552007,Silveiras,6186,101328983.0,16380.372292272874,0.9175933280381255,8.5,0.4274633123689727,0.09454926624737946
3552106,Socorro,40122,1269084376.0,31630.635960321022,0.9548869956218199,9.3,0.4792967415276613,0.16891870903612585
3552205,Sorocaba,723682,54465435816.0,75261.5593810541,0.9792421228402562,10.9,0.6728578758337609,0.23993559915783513
3552304,Sud Mennucci,7355,210354540.0,28600.209381373217,0.9316894368543819,9.4,0.5117214835549335,0.1268369489153254
3552403,Sumaré,279545,17753218624.0,63507.55200057236,0.9649915025759207,9.9,0.5895141264114698,0.1321791688141311
3552502,Suzano,307429,16866186246.0,54862.053501784154,0.9661460035291811,10.2,0.624854875117071,0.1436445012235808
3552551,Suzanápolis,3408,386090263.0,113289.3964201878,0.9213523131672597,9.3,0.5096870342771982,0.15461997019374069
3552601,Tabapuã,11323,304867309.0,26924.605581559656,0.9450110398485964,9.2,0.47335109926715524,0.13813013546524538
3552700,Tabatinga,14769,376564503.0,25496.953280520007,0.9402370345465243,8.6,0.4367155736255966,0.11145483471804843
3552809,Taboão da Serra,273542,10975626354.0,40124.099238873736,0.9722954549558497,10.5,0.6229590865842055,0.19637963843958134
3552908,Taciba,6260,199127993.0,31809.583546325877,0.9426048565121413,9.3,0.5138273168672155,0.1137850960523538
3553005,Taguaí,12669,391497809.0,30902.02928407925,0.9553100427988455,8.5,0.41078750919987383,0.08526968772999685
3553104,Taiaçu,5677,121215941.0,21352.112207151666,0.9203407880724175,8.6,0.43887640449438203,0.1249438202247191
3553203,Taiúva,6548,151516031.0,23139.28390348198,0.9433694301437955,9.3,0.44091159713288,0.13030692887336887
3553302,Tambaú,21435,843711182.0,39361.38007930954,0.9630920413643376,9.4,0.46530636596861763,0.15476403555873755
3553401,Tanabi,25265,1408897055.0,55764.77557886404,0.9472851871375857,9.2,0.45718869059554845,0.12487467415279728
3553500,Tapiraí,7996,191747235.0,23980.394572286143,0.9266941101963267,8.5,0.4276094276094276,0.09158249158249158
3553609,Tapiratiba,11816,294802080.0,24949.397427217333,0.9576425394257986,9.3,0.4911761597801966,0.14223819084856812
3553658,Taquaral,2619,55233706.0,21089.61664757541,0.922267946959305,8.8,0.4377120698012603,0.12603005332040718
3553708,Taquaritinga,52260,1930593663.0,36942.09075774971,0.9501523123788425,9.6,0.5267519804996953,0.1559780621572212
3553807,Taquarituba,24350,1227811122.0,50423.45470225873,0.94767877667283,8.7,0.41914191419141916,0.11283985541411284
3553856,Taquarivaí,6876,453976280.0,66023.31006399069,0.93622164373373,8.6,0.4243447180301827,0.06652104845115171
3553906,Tarabai,6536,170112935.0,26027.070838433294,0.935685828116107,9.0,0.487829209896249,0.09417398244213887
3553955,Tarumã,14882,918710468.0,61732.997446579764,0.9433432581880051,9.5,0.518293228374631,0.11423204222202343
3554003,Tatuí,123942,5978311904.0,48234.754191476655,0.9712140425149521,9.9,0.565026538213973,0.15643301079466915
3554102,Taubaté,310739,18462529003.0,59414.90769745671,0.978155435047048,11.0,0.674243298017828,0.2410571583925129
3554201,Tejupá,4127,124784075.0,30236.024957596317,0.9060321309487723,7.9,0.35403120936280885,0.06469440832249675
3554300,Teodoro Sampaio,22173,678819552.0,30614.691381409822,0.9379880307779994,9.6,0.5328780369877916,0.1362867158225553
3554409,Terra Roxa,7904,182316050.0,23066.301872469634,0.9606612582274606,8.8,0.48311729876780285,0.12337974075852136
3554508,Tietê,37663,2473358840.0,65670.7867137509,0.975469762072725,10.4,0.5687085814242944,0.20002018367140983
3554607,Timburi,2464,62755097.0,25468.789366883117,0.9395416869819601,8.7,0.441340782122905,0.11427120365667852
3554656,Torre de Pedra,2046,37807309.0,18478.645650048875,0.9496781743709772,8.9,0.4211514392991239,0.08448060075093868
3554706,Torrinha,9335,320479876.0,34330.99903588645,0.962220209600207,8.8,0.3859673024523161,0.1419618528610354
3554755,Trabiju,1682,52600846.0,31272.797859690843,0.9116555308092057,8.7,0.38009404388714735,0.06739811912225706
3554805,Tremembé,51173,1023337713.0,19997.610321849414,0.9720233609645818,10.5,0.5760359607968363,0.19896342511851833
3554904,Três Fronteiras,6804,130745408.0,19215.962375073486,0.9348911880128434,9.4,0.4922193404964802,0.14468321600592812
3554953,Tuiuti,6778,193507593.0,28549.364561817645,0.9463182058979339,8.4,0.43782098312545853,0.09482758620689655
3555000,Tupã,63928,2509745856.0,39258.94531347766,0.9592457761598059,10.1,0.5579854208084825,0.20666198885120649
3555109,Tupi Paulista,15854,375898108.0,23709.98536646903,0.9643352053096055,9.8,0.5129095576022951,0.1906990789672354
3555208,Turiúba,1818,61349860.0,33745.79757975798,0.925392670157068,9.5,0.5239398084815321,0.15526675786593708
3555307,Turmalina,1669,72579582.0,43486.86758538047,0.9467296021577882,9.4,0.5223463687150838,0.17458100558659218
3555356,Ubarana,5365,230722502.0,43005.12618825722,0.9189760450915923,8.1,0.43795075851778165,0.0865456354140761
3555406,Ubatuba,92981,3218974110.0,34619.697680171215,0.963805432520412,10.0,0.5738699550938243,0.16405535143657532
3555505,Ubirajara,5132,123802334.0,24123.603663289166,0.9389940239043825,8.9,0.45296442687747035,0.10513833992094862
3555604,Uchoa,10394,408570533.0,39308.306041947275,0.9464925459378251,9.1,0.4413009309636078,0.14834965542256076
3555703,União Paulista,1603,64215389.0,40059.50655021834,0.9329608938547486,8.7,0.4657650042265427,0.12087912087912088
3555802,Urânia,8833,313528164.0,35495.09385259821,0.9305050505050505,9.0,0.4736916150815982,0.13365222284749578
3555901,Uru,1387,51165923.0,36889.6344628695,0.9400881057268723,9.2,0.4594348222424795,0.1640838650865998
3556008,Urupês,13744,549725349.0,39997.47882712456,0.9526933701657458,9.4,0.5024368231046932,0.15189530685920577
3556107,Valentim Gentil,14098,459473416.0,32591.38998439495,0.9594028287061289,9.1,0.4572241600881219,0.10574628235726087
3556206,Valinhos,126373,9259974242.0,73274.94197336456,0.9804592593993137,11.2,0.6780782848151062,0.31584382376081827
3556305,Valparaíso,24241,1338314344.0,55208.71020172435,0.9534166203024632,9.3,0.5071115106011738,0.11822555913921641
3556354,Vargem,10512,183035024.0,17412.007610350076,0.9503613315957825,8.3,0.4150290446174762,0.09244839945618588
3556404,Vargem Grande do Sul,40133,1357282639.0,33819.61575262253,0.9564016152047848,8.0,0.3814492198717335,0.10695255416227945
3556453,Vargem Grande Paulista,50415,3266316567.0,64788.58607557275,0.9677499318311396,10.5,0.6160031327502937,0.21475003263281556
3556503,Várzea Paulista,115771,4339125715.0,37480.247341734976,0.9652883522422631,9.6,0.5602987777274785,0.10393843368039837
3556602,Vera Cruz,10176,277525316.0,27272.53498427673,0.9593256307474652,9.8,0.5669195008563739,0.13555174944947393
3556701,Vinhedo,76540,14061247725.0,183711.1017115234,0.9800996603929285,11.1,0.6849975960342856,0.30946499328547505
3556800,Viradouro,17414,512076106.0,29406.001263351325,0.9571791972866026,8.8,0.4654721911160881,0.12325494587532661
3556909,Vista Alegre do Alto,8109,547752424.0,67548.70193612036,0.931758530183727,8.1,0.4390442132639792,0.09574122236671001
3556958,Vitória Brasil,1794,47828506.0,26660.259754738017,0.9154362416107382,8.6,0.4483985765124555,0.09608540925266904
3557006,Votorantim,127923,4518921679.0,35325.32600861456,0.9765051678961973,10.5,0.6415851440993915,0.1881672914190514
3557105,Votuporanga,96634,4138149397.0,42822.913229298174,0.9669652507733784,10.0,0.5660604647547991,0.20490401803062097
3557154,Zacarias,2692,146668319.0,54483.03083209509,0.9354691075514874,8.7,0.4610234337637494,0.10999521759923482
3557204,Chavantes,12211,379732480.0,31097.574318237654,0.9461600975213328,9.3,0.5118488471391973,0.11347139197267293
3557303,Estiva Gerbi,11295,444697274.0,39371.16193005755,0.9636343780714207,9.6,0.5520773391644608,0.15099551156634825
