ano,sigla_uf,id_municipio,municipio,populacao
2022,SP,3500105,Adamantina,34687
2023,SP,3500105,Adamantina,34687
2024,SP,3500105,Adamantina,35642
2025,SP,3500105,Adamantina,35673
2022,SP,3500204,Adolfo,4351
2023,SP,3500204,Adolfo,4351
2024,SP,3500204,Adolfo,4478
2025,SP,3500204,Adolfo,4505
2022,SP,3500303,Aguaí,32072
2023,SP,3500303,Aguaí,32072
2024,SP,3500303,Aguaí,32888
2025,SP,3500303,Aguaí,32886
2022,SP,3500709,Agudos,37680
2023,SP,3500709,Agudos,37680
2024,SP,3500709,Agudos,38879
2025,SP,3500709,Agudos,38988
2022,SP,3500758,Alambari,6141
2023,SP,3500758,Alambari,6141
2024,SP,3500758,Alambari,6330
2025,SP,3500758,Alambari,6373
2022,SP,3500808,Alfredo Marcondes,4445
2023,SP,3500808,Alfredo Marcondes,4445
2024,SP,3500808,Alfredo Marcondes,4556
2025,SP,3500808,Alfredo Marcondes,4574
2022,SP,3500907,Altair,3451
2023,SP,3500907,Altair,3451
2024,SP,3500907,Altair,3479
2025,SP,3500907,Altair,3467
2022,SP,3501004,Altinópolis,16818
2023,SP,3501004,Altinópolis,16818
2024,SP,3501004,Altinópolis,17156
2025,SP,3501004,Altinópolis,17197
2022,SP,3501103,Alto Alegre,3841
2023,SP,3501103,Alto Alegre,3841
2024,SP,3501103,Alto Alegre,3883
2025,SP,3501103,Alto Alegre,3874
2022,SP,3501152,Alumínio,17301
2023,SP,3501152,Alumínio,17301
2024,SP,3501152,Alumínio,17591
2025,SP,3501152,Alumínio,17607
2022,SP,3501509,Alvinlândia,2885
2023,SP,3501509,Alvinlândia,2885
2024,SP,3501509,Alvinlândia,2923
2025,SP,3501509,Alvinlândia,2919
2022,SP,3501608,Americana,237240
2023,SP,3501608,Americana,237240
2024,SP,3501608,Americana,246655
2025,SP,3501608,Americana,247571
2022,SP,3501905,Amparo,68008
2023,SP,3501905,Amparo,68008
2024,SP,3501905,Amparo,69717
2025,SP,3501905,Amparo,69792
2022,SP,3501707,Américo Brasiliense,33019
2023,SP,3501707,Américo Brasiliense,33019
2024,SP,3501707,Américo Brasiliense,33757
2025,SP,3501707,Américo Brasiliense,33708
2022,SP,3501806,Américo de Campos,5870
2023,SP,3501806,Américo de Campos,5870
2024,SP,3501806,Américo de Campos,5975
2025,SP,3501806,Américo de Campos,5981
2022,SP,3502002,Analândia,4589
2023,SP,3502002,Analândia,4589
2024,SP,3502002,Analândia,4684
2025,SP,3502002,Analândia,4694
2022,SP,3502101,Andradina,59783
2023,SP,3502101,Andradina,59783
2024,SP,3502101,Andradina,61473
2025,SP,3502101,Andradina,61625
2022,SP,3502200,Angatuba,24022
2023,SP,3502200,Angatuba,24022
2024,SP,3502200,Angatuba,24512
2025,SP,3502200,Angatuba,24573
2022,SP,3502309,Anhembi,5674
2023,SP,3502309,Anhembi,5674
2024,SP,3502309,Anhembi,5766
2025,SP,3502309,Anhembi,5766
2022,SP,3502408,Anhumas,4023
2023,SP,3502408,Anhumas,4023
2024,SP,3502408,Anhumas,4108
2025,SP,3502408,Anhumas,4118
2022,SP,3502507,Aparecida,32569
2023,SP,3502507,Aparecida,32569
2024,SP,3502507,Aparecida,33223
2025,SP,3502507,Aparecida,33141
2022,SP,3502606,Aparecida d'Oeste,4086
2023,SP,3502606,Aparecida d'Oeste,4086
2024,SP,3502606,Aparecida d'Oeste,4124
2025,SP,3502606,Aparecida d'Oeste,4112
2022,SP,3502705,Apiaí,24585
2023,SP,3502705,Apiaí,24585
2024,SP,3502705,Apiaí,24886
2025,SP,3502705,Apiaí,24857
2022,SP,3503000,Aramina,5420
2023,SP,3503000,Aramina,5420
2024,SP,3503000,Aramina,5526
2025,SP,3503000,Aramina,5535
2022,SP,3503109,Arandu,6885
2023,SP,3503109,Arandu,6885
2024,SP,3503109,Arandu,7050
2025,SP,3503109,Arandu,7076
2022,SP,3503158,Arapeí,2330
2023,SP,3503158,Arapeí,2330
2024,SP,3503158,Arapeí,2355
2025,SP,3503158,Arapeí,2355
2022,SP,3503208,Araraquara,242228
2023,SP,3503208,Araraquara,242228
2024,SP,3503208,Araraquara,252318
2025,SP,3503208,Araraquara,253474
2022,SP,3503307,Araras,130866
2023,SP,3503307,Araras,130866
2024,SP,3503307,Araras,135331
2025,SP,3503307,Araras,135744
2022,SP,3502754,Araçariguama,21522
2023,SP,3502754,Araçariguama,21522
2024,SP,3502754,Araçariguama,22168
2025,SP,3502754,Araçariguama,22314
2022,SP,3502804,Araçatuba,200124
2023,SP,3502804,Araçatuba,200124
2024,SP,3502804,Araçatuba,207775
2025,SP,3502804,Araçatuba,208415
2022,SP,3502903,Araçoiaba da Serra,32443
2023,SP,3502903,Araçoiaba da Serra,32443
2024,SP,3502903,Araçoiaba da Serra,33656
2025,SP,3502903,Araçoiaba da Serra,33832
2022,SP,3503356,Arco-Íris,2044
2023,SP,3503356,Arco-Íris,2044
2024,SP,3503356,Arco-Íris,2085
2025,SP,3503356,Arco-Íris,2089
2022,SP,3503406,Arealva,8130
2023,SP,3503406,Arealva,8130
2024,SP,3503406,Arealva,8280
2025,SP,3503406,Arealva,8290
2022,SP,3503505,Areias,3577
2023,SP,3503505,Areias,3577
2024,SP,3503505,Areias,3625
2025,SP,3503505,Areias,3617
2022,SP,3503604,Areiópolis,10130
2023,SP,3503604,Areiópolis,10130
2024,SP,3503604,Areiópolis,10257
2025,SP,3503604,Areiópolis,10242
2022,SP,3503703,Ariranha,7602
2023,SP,3503703,Ariranha,7602
2024,SP,3503703,Ariranha,7653
2025,SP,3503703,Ariranha,7621
2022,SP,3503802,Artur Nogueira,51456
2023,SP,3503802,Artur Nogueira,51456
2024,SP,3503802,Artur Nogueira,53157
2025,SP,3503802,Artur Nogueira,53467
2022,SP,3503901,Arujá,86678
2023,SP,3503901,Arujá,86678
2024,SP,3503901,Arujá,89943
2025,SP,3503901,Arujá,90273
2022,SP,3503950,Aspásia,1842
2023,SP,3503950,Aspásia,1842
2024,SP,3503950,Aspásia,1873
2025,SP,3503950,Aspásia,1875
2022,SP,3504008,Assis,101409
2023,SP,3504008,Assis,101409
2024,SP,3504008,Assis,104642
2025,SP,3504008,Assis,104858
2022,SP,3504107,Atibaia,158647
2023,SP,3504107,Atibaia,158647
2024,SP,3504107,Atibaia,166043
2025,SP,3504107,Atibaia,167161
2022,SP,3504206,Auriflama,13692
2023,SP,3504206,Auriflama,13692
2024,SP,3504206,Auriflama,13873
2025,SP,3504206,Auriflama,13856
2022,SP,3504404,Avanhandava,11263
2023,SP,3504404,Avanhandava,11263
2024,SP,3504404,Avanhandava,11438
2025,SP,3504404,Avanhandava,11436
2022,SP,3504503,Avaré,92805
2023,SP,3504503,Avaré,92805
2024,SP,3504503,Avaré,96098
2025,SP,3504503,Avaré,96450
2022,SP,3504305,Avaí,4483
2023,SP,3504305,Avaí,4483
2024,SP,3504305,Avaí,4519
2025,SP,3504305,Avaí,4503
2022,SP,3504602,Bady Bassitt,27260
2023,SP,3504602,Bady Bassitt,27260
2024,SP,3504602,Bady Bassitt,28909
2025,SP,3504602,Bady Bassitt,29346
2022,SP,3504701,Balbinos,3887
2023,SP,3504701,Balbinos,3887
2024,SP,3504701,Balbinos,3963
2025,SP,3504701,Balbinos,3969
2022,SP,3504909,Bananal,9969
2023,SP,3504909,Bananal,9969
2024,SP,3504909,Bananal,10109
2025,SP,3504909,Bananal,10097
2022,SP,3505104,Barbosa,5640
2023,SP,3505104,Barbosa,5640
2024,SP,3505104,Barbosa,5659
2025,SP,3505104,Barbosa,5627
2022,SP,3505203,Bariri,31595
2023,SP,3505203,Bariri,31595
2024,SP,3505203,Bariri,32405
2025,SP,3505203,Bariri,32406
2022,SP,3505302,Barra Bonita,34346
2023,SP,3505302,Barra Bonita,34346
2024,SP,3505302,Barra Bonita,35159
2025,SP,3505302,Barra Bonita,35129
2022,SP,3505351,Barra do Chapéu,5179
2023,SP,3505351,Barra do Chapéu,5179
2024,SP,3505351,Barra do Chapéu,5256
2025,SP,3505351,Barra do Chapéu,5254
2022,SP,3505401,Barra do Turvo,6876
2023,SP,3505401,Barra do Turvo,6876
2024,SP,3505401,Barra do Turvo,6922
2025,SP,3505401,Barra do Turvo,6894
2022,SP,3505500,Barretos,122485
2023,SP,3505500,Barretos,122485
2024,SP,3505500,Barretos,126600
2025,SP,3505500,Barretos,126957
2022,SP,3505609,Barrinha,32092
2023,SP,3505609,Barrinha,32092
2024,SP,3505609,Barrinha,33181
2025,SP,3505609,Barrinha,33304
2022,SP,3505708,Barueri,316473
2023,SP,3505708,Barueri,316473
2024,SP,3505708,Barueri,330339
2025,SP,3505708,Barueri,333737
2022,SP,3505005,Barão de Antonina,3531
2023,SP,3505005,Barão de Antonina,3531
2024,SP,3505005,Barão de Antonina,3618
2025,SP,3505005,Barão de Antonina,3632
2022,SP,3505807,Bastos,21503
2023,SP,3505807,Bastos,21503
2024,SP,3505807,Bastos,21900
2025,SP,3505807,Bastos,21936
2022,SP,3505906,Batatais,58402
2023,SP,3505906,Batatais,58402
2024,SP,3505906,Batatais,59873
2025,SP,3505906,Batatais,59939
2022,SP,3506003,Bauru,379146
2023,SP,3506003,Bauru,379146
2024,SP,3506003,Bauru,391740
2025,SP,3506003,Bauru,392947
2022,SP,3506102,Bebedouro,76373
2023,SP,3506102,Bebedouro,76373
2024,SP,3506102,Bebedouro,78210
2025,SP,3506102,Bebedouro,78257
2022,SP,3506201,Bento de Abreu,2606
2023,SP,3506201,Bento de Abreu,2606
2024,SP,3506201,Bento de Abreu,2642
2025,SP,3506201,Bento de Abreu,2640
2022,SP,3506300,Bernardino de Campos,11607
2023,SP,3506300,Bernardino de Campos,11607
2024,SP,3506300,Bernardino de Campos,11852
2025,SP,3506300,Bernardino de Campos,11881
2022,SP,3506359,Bertioga,64188
2023,SP,3506359,Bertioga,64188
2024,SP,3506359,Bertioga,66873
2025,SP,3506359,Bertioga,67436
2022,SP,3506409,Bilac,7319
2023,SP,3506409,Bilac,7319
2024,SP,3506409,Bilac,7455
2025,SP,3506409,Bilac,7464
2022,SP,3506508,Birigui,118979
2023,SP,3506508,Birigui,118979
2024,SP,3506508,Birigui,122988
2025,SP,3506508,Birigui,123340
2022,SP,3506607,Biritiba-Mirim,29683
2023,SP,3506607,Biritiba-Mirim,29683
2024,SP,3506607,Biritiba-Mirim,30526
2025,SP,3506607,Biritiba-Mirim,30564
2022,SP,3506706,Boa Esperança do Sul,12978
2023,SP,3506706,Boa Esperança do Sul,12978
2024,SP,3506706,Boa Esperança do Sul,13135
2025,SP,3506706,Boa Esperança do Sul,13113
2022,SP,3506805,Bocaina,11259
2023,SP,3506805,Bocaina,11259
2024,SP,3506805,Bocaina,11467
2025,SP,3506805,Bocaina,11480
2022,SP,3506904,Bofete,10460
2023,SP,3506904,Bofete,10460
2024,SP,3506904,Bofete,10688
2025,SP,3506904,Bofete,10710
2022,SP,3507001,Boituva,61081
2023,SP,3507001,Boituva,61081
2024,SP,3507001,Boituva,63415
2025,SP,3507001,Boituva,63850
2022,SP,3507100,Bom Jesus dos Perdões,22006
2023,SP,3507100,Bom Jesus dos Perdões,22006
2024,SP,3507100,Bom Jesus dos Perdões,22501
2025,SP,3507100,Bom Jesus dos Perdões,22579
2022,SP,3507159,Bom Sucesso de Itararé,3555
2023,SP,3507159,Bom Sucesso de Itararé,3555
2024,SP,3507159,Bom Sucesso de Itararé,3610
2025,SP,3507159,Bom Sucesso de Itararé,3609
2022,SP,3507308,Boracéia,4715
2023,SP,3507308,Boracéia,4715
2024,SP,3507308,Boracéia,4823
2025,SP,3507308,Boracéia,4838
2022,SP,3507407,Borborema,14226
2023,SP,3507407,Borborema,14226
2024,SP,3507407,Borborema,14415
2025,SP,3507407,Borborema,14405
2022,SP,3507456,Borebi,2713
2023,SP,3507456,Borebi,2713
2024,SP,3507456,Borebi,2787
2025,SP,3507456,Borebi,2801
2022,SP,3507209,Borá,907
2023,SP,3507209,Borá,907
2024,SP,3507209,Borá,928
2025,SP,3507209,Borá,932
2022,SP,3507506,Botucatu,145155
2023,SP,3507506,Botucatu,145155
2024,SP,3507506,Botucatu,150442
2025,SP,3507506,Botucatu,151053
2022,SP,3507605,Bragança Paulista,176811
2023,SP,3507605,Bragança Paulista,176811
2024,SP,3507605,Bragança Paulista,184634
2025,SP,3507605,Bragança Paulista,185688
2022,SP,3507704,Braúna,5356
2023,SP,3507704,Braúna,5356
2024,SP,3507704,Braúna,5466
2025,SP,3507704,Braúna,5477
2022,SP,3507753,Brejo Alegre,2565
2023,SP,3507753,Brejo Alegre,2565
2024,SP,3507753,Brejo Alegre,2605
2025,SP,3507753,Brejo Alegre,2605
2022,SP,3507803,Brodowski,25201
2023,SP,3507803,Brodowski,25201
2024,SP,3507803,Brodowski,26167
2025,SP,3507803,Brodowski,26314
2022,SP,3507902,Brotas,23898
2023,SP,3507902,Brotas,23898
2024,SP,3507902,Brotas,24423
2025,SP,3507902,Brotas,24501
2022,SP,3508009,Buri,20250
2023,SP,3508009,Buri,20250
2024,SP,3508009,Buri,20674
2025,SP,3508009,Buri,20731
2022,SP,3508108,Buritama,17210
2023,SP,3508108,Buritama,17210
2024,SP,3508108,Buritama,17597
2025,SP,3508108,Buritama,17658
2022,SP,3508207,Buritizal,4356
2023,SP,3508207,Buritizal,4356
2024,SP,3508207,Buritizal,4447
2025,SP,3508207,Buritizal,4458
2022,SP,3504800,Bálsamo,9596
2023,SP,3504800,Bálsamo,9596
2024,SP,3504800,Bálsamo,9854
2025,SP,3504800,Bálsamo,9902
2022,SP,3508405,Cabreúva,47011
2023,SP,3508405,Cabreúva,47011
2024,SP,3508405,Cabreúva,48473
2025,SP,3508405,Cabreúva,48654
2022,SP,3508306,Cabrália Paulista,4299
2023,SP,3508306,Cabrália Paulista,4299
2024,SP,3508306,Cabrália Paulista,4362
2025,SP,3508306,Cabrália Paulista,4360
2022,SP,3508603,Cachoeira Paulista,31564
2023,SP,3508603,Cachoeira Paulista,31564
2024,SP,3508603,Cachoeira Paulista,32482
2025,SP,3508603,Cachoeira Paulista,32534
2022,SP,3508702,Caconde,17101
2023,SP,3508702,Caconde,17101
2024,SP,3508702,Caconde,17266
2025,SP,3508702,Caconde,17228
2022,SP,3508801,Cafelândia,16654
2023,SP,3508801,Cafelândia,16654
2024,SP,3508801,Cafelândia,16905
2025,SP,3508801,Cafelândia,16907
2022,SP,3508900,Caiabu,3712
2023,SP,3508900,Caiabu,3712
2024,SP,3508900,Caiabu,3745
2025,SP,3508900,Caiabu,3726
2022,SP,3509007,Caieiras,95032
2023,SP,3509007,Caieiras,95032
2024,SP,3509007,Caieiras,98257
2025,SP,3509007,Caieiras,98549
2022,SP,3509106,Caiuá,5466
2023,SP,3509106,Caiuá,5466
2024,SP,3509106,Caiuá,5585
2025,SP,3509106,Caiuá,5599
2022,SP,3509205,Cajamar,92689
2023,SP,3509205,Cajamar,92689
2024,SP,3509205,Cajamar,97363
2025,SP,3509205,Cajamar,98365
2022,SP,3509254,Cajati,28515
2023,SP,3509254,Cajati,28515
2024,SP,3509254,Cajati,29257
2025,SP,3509254,Cajati,29262
2022,SP,3509304,Cajobi,9133
2023,SP,3509304,Cajobi,9133
2024,SP,3509304,Cajobi,9232
2025,SP,3509304,Cajobi,9210
2022,SP,3509403,Cajuru,23830
2023,SP,3509403,Cajuru,23830
2024,SP,3509403,Cajuru,24217
2025,SP,3509403,Cajuru,24233
2022,SP,3509452,Campina do Monte Alegre,5954
2023,SP,3509452,Campina do Monte Alegre,5954
2024,SP,3509452,Campina do Monte Alegre,6077
2025,SP,3509452,Campina do Monte Alegre,6090
2022,SP,3509502,Campinas,1139047
2023,SP,3509502,Campinas,1139047
2024,SP,3509502,Campinas,1185977
2025,SP,3509502,Campinas,1187974
2022,SP,3509601,Campo Limpo Paulista,77632
2023,SP,3509601,Campo Limpo Paulista,77632
2024,SP,3509601,Campo Limpo Paulista,79663
2025,SP,3509601,Campo Limpo Paulista,79781
2022,SP,3509809,Campos Novos Paulista,4888
2023,SP,3509809,Campos Novos Paulista,4888
2024,SP,3509809,Campos Novos Paulista,4991
2025,SP,3509809,Campos Novos Paulista,5003
2022,SP,3509700,Campos do Jordão,46974
2023,SP,3509700,Campos do Jordão,46974
2024,SP,3509700,Campos do Jordão,47983
2025,SP,3509700,Campos do Jordão,47956
2022,SP,3509908,Cananéia,12289
2023,SP,3509908,Cananéia,12289
2024,SP,3509908,Cananéia,12489
2025,SP,3509908,Cananéia,12491
2022,SP,3509957,Canas,4931
2023,SP,3509957,Canas,4931
2024,SP,3509957,Canas,5049
2025,SP,3509957,Canas,5068
2022,SP,3510153,Canitar,6283
2023,SP,3510153,Canitar,6283
2024,SP,3510153,Canitar,6524
2025,SP,3510153,Canitar,6589
2022,SP,3510302,Capela do Alto,22866
2023,SP,3510302,Capela do Alto,22866
2024,SP,3510302,Capela do Alto,23597
2025,SP,3510302,Capela do Alto,23777
2022,SP,3510401,Capivari,50068
2023,SP,3510401,Capivari,50068
2024,SP,3510401,Capivari,51318
2025,SP,3510401,Capivari,51369
2022,SP,3510203,Capão Bonito,46337
2023,SP,3510203,Capão Bonito,46337
2024,SP,3510203,Capão Bonito,47403
2025,SP,3510203,Capão Bonito,47409
2022,SP,3510500,Caraguatatuba,134873
2023,SP,3510500,Caraguatatuba,134873
2024,SP,3510500,Caraguatatuba,141084
2025,SP,3510500,Caraguatatuba,142248
2022,SP,3510609,Carapicuíba,386984
2023,SP,3510609,Carapicuíba,386984
2024,SP,3510609,Carapicuíba,398462
2025,SP,3510609,Carapicuíba,398236
2022,SP,3510708,Cardoso,11345
2023,SP,3510708,Cardoso,11345
2024,SP,3510708,Cardoso,11491
2025,SP,3510708,Cardoso,11476
2022,SP,3510807,Casa Branca,28083
2023,SP,3510807,Casa Branca,28083
2024,SP,3510807,Casa Branca,28786
2025,SP,3510807,Casa Branca,28779
2022,SP,3511003,Castilho,19977
2023,SP,3511003,Castilho,19977
2024,SP,3511003,Castilho,20418
2025,SP,3511003,Castilho,20485
2022,SP,3511102,Catanduva,115791
2023,SP,3511102,Catanduva,115791
2024,SP,3511102,Catanduva,119172
2025,SP,3511102,Catanduva,119275
2022,SP,3511201,Catiguá,7003
2023,SP,3511201,Catiguá,7003
2024,SP,3511201,Catiguá,7105
2025,SP,3511201,Catiguá,7101
2022,SP,3508504,Caçapava,96202
2023,SP,3508504,Caçapava,96202
2024,SP,3508504,Caçapava,99678
2025,SP,3508504,Caçapava,100071
2022,SP,3511300,Cedral,12618
2023,SP,3511300,Cedral,12618
2024,SP,3511300,Cedral,13160
2025,SP,3511300,Cedral,13314
2022,SP,3511409,Cerqueira César,21469
2023,SP,3511409,Cerqueira César,21469
2024,SP,3511409,Cerqueira César,22076
2025,SP,3511409,Cerqueira César,22210
2022,SP,3511508,Cerquilho,44695
2023,SP,3511508,Cerquilho,44695
2024,SP,3511508,Cerquilho,46217
2025,SP,3511508,Cerquilho,46391
2022,SP,3511607,Cesário Lange,19048
2023,SP,3511607,Cesário Lange,19048
2024,SP,3511607,Cesário Lange,19588
2025,SP,3511607,Cesário Lange,19707
2022,SP,3511706,Charqueada,15535
2023,SP,3511706,Charqueada,15535
2024,SP,3511706,Charqueada,15798
2025,SP,3511706,Charqueada,15814
2022,SP,3557204,Chavantes,12211
2023,SP,3557204,Chavantes,12211
2024,SP,3557204,Chavantes,12411
2025,SP,3557204,Chavantes,12415
2022,SP,3511904,Clementina,6982
2023,SP,3511904,Clementina,6982
2024,SP,3511904,Clementina,7087
2025,SP,3511904,Clementina,7084
2022,SP,3512001,Colina,18486
2023,SP,3512001,Colina,18486
2024,SP,3512001,Colina,18842
2025,SP,3512001,Colina,18880
2022,SP,3512100,Colômbia,6629
2023,SP,3512100,Colômbia,6629
2024,SP,3512100,Colômbia,6781
2025,SP,3512100,Colômbia,6802
2022,SP,3512209,Conchal,28101
2023,SP,3512209,Conchal,28101
2024,SP,3512209,Conchal,29034
2025,SP,3512209,Conchal,29132
2022,SP,3512308,Conchas,15232
2023,SP,3512308,Conchas,15232
2024,SP,3512308,Conchas,15381
2025,SP,3512308,Conchas,15345
2022,SP,3512407,Cordeirópolis,24514
2023,SP,3512407,Cordeirópolis,24514
2024,SP,3512407,Cordeirópolis,25130
2025,SP,3512407,Cordeirópolis,25286
2022,SP,3512506,Coroados,5400
2023,SP,3512506,Coroados,5400
2024,SP,3512506,Coroados,5498
2025,SP,3512506,Coroados,5504
2022,SP,3512605,Coronel Macedo,4280
2023,SP,3512605,Coronel Macedo,4280
2024,SP,3512605,Coronel Macedo,4295
2025,SP,3512605,Coronel Macedo,4271
2022,SP,3512704,Corumbataí,4195
2023,SP,3512704,Corumbataí,4195
2024,SP,3512704,Corumbataí,4285
2025,SP,3512704,Corumbataí,4296
2022,SP,3512902,Cosmorama,8719
2023,SP,3512902,Cosmorama,8719
2024,SP,3512902,Cosmorama,8968
2025,SP,3512902,Cosmorama,9019
2022,SP,3512803,Cosmópolis,59773
2023,SP,3512803,Cosmópolis,59773
2024,SP,3512803,Cosmópolis,61204
2025,SP,3512803,Cosmópolis,61167
2022,SP,3513009,Cotia,274413
2023,SP,3513009,Cotia,274413
2024,SP,3513009,Cotia,287004
2025,SP,3513009,Cotia,289493
2022,SP,3513108,Cravinhos,33281
2023,SP,3513108,Cravinhos,33281
2024,SP,3513108,Cravinhos,34252
2025,SP,3513108,Cravinhos,34307
2022,SP,3513207,Cristais Paulista,9272
2023,SP,3513207,Cristais Paulista,9272
2024,SP,3513207,Cristais Paulista,9543
2025,SP,3513207,Cristais Paulista,9600
2022,SP,3513405,Cruzeiro,74961
2023,SP,3513405,Cruzeiro,74961
2024,SP,3513405,Cruzeiro,76513
2025,SP,3513405,Cruzeiro,76444
2022,SP,3513306,Cruzália,2108
2023,SP,3513306,Cruzália,2108
2024,SP,3513306,Cruzália,2129
2025,SP,3513306,Cruzália,2123
2022,SP,3513504,Cubatão,112476
2023,SP,3513504,Cubatão,112476
2024,SP,3513504,Cubatão,115082
2025,SP,3513504,Cubatão,114870
2022,SP,3513603,Cunha,22110
2023,SP,3513603,Cunha,22110
2024,SP,3513603,Cunha,22456
2025,SP,3513603,Cunha,22460
2022,SP,3510906,Cássia dos Coqueiros,2799
2023,SP,3510906,Cássia dos Coqueiros,2799
2024,SP,3510906,Cássia dos Coqueiros,2855
2025,SP,3510906,Cássia dos Coqueiros,2861
2022,SP,3510005,Cândido Mota,29449
2023,SP,3510005,Cândido Mota,29449
2024,SP,3510005,Cândido Mota,30172
2025,SP,3510005,Cândido Mota,30157
2022,SP,3510104,Cândido Rodrigues,2889
2023,SP,3510104,Cândido Rodrigues,2889
2024,SP,3510104,Cândido Rodrigues,2951
2025,SP,3510104,Cândido Rodrigues,2959
2022,SP,3513702,Descalvado,31756
2023,SP,3513702,Descalvado,31756
2024,SP,3513702,Descalvado,32622
2025,SP,3513702,Descalvado,32663
2022,SP,3513801,Diadema,393237
2023,SP,3513801,Diadema,393237
2024,SP,3513801,Diadema,404118
2025,SP,3513801,Diadema,403579
2022,SP,3513850,Dirce Reis,1620
2023,SP,3513850,Dirce Reis,1620
2024,SP,3513850,Dirce Reis,1641
2025,SP,3513850,Dirce Reis,1639
2022,SP,3513900,Divinolândia,11158
2023,SP,3513900,Divinolândia,11158
2024,SP,3513900,Divinolândia,11314
2025,SP,3513900,Divinolândia,11305
2022,SP,3514007,Dobrada,8759
2023,SP,3514007,Dobrada,8759
2024,SP,3514007,Dobrada,8958
2025,SP,3514007,Dobrada,8986
2022,SP,3514106,Dois Córregos,24510
2023,SP,3514106,Dois Córregos,24510
2024,SP,3514106,Dois Córregos,24855
2025,SP,3514106,Dois Córregos,24847
2022,SP,3514205,Dolcinópolis,2207
2023,SP,3514205,Dolcinópolis,2207
2024,SP,3514205,Dolcinópolis,2250
2025,SP,3514205,Dolcinópolis,2254
2022,SP,3514304,Dourado,8096
2023,SP,3514304,Dourado,8096
2024,SP,3514304,Dourado,8186
2025,SP,3514304,Dourado,8169
2022,SP,3514403,Dracena,45474
2023,SP,3514403,Dracena,45474
2024,SP,3514403,Dracena,46664
2025,SP,3514403,Dracena,46735
2022,SP,3514502,Duartina,12328
2023,SP,3514502,Duartina,12328
2024,SP,3514502,Duartina,12529
2025,SP,3514502,Duartina,12532
2022,SP,3514601,Dumont,9471
2023,SP,3514601,Dumont,9471
2024,SP,3514601,Dumont,9719
2025,SP,3514601,Dumont,9764
2022,SP,3514700,Echaporã,6205
2023,SP,3514700,Echaporã,6205
2024,SP,3514700,Echaporã,6295
2025,SP,3514700,Echaporã,6291
2022,SP,3514809,Eldorado,13069
2023,SP,3514809,Eldorado,13069
2024,SP,3514809,Eldorado,13162
2025,SP,3514809,Eldorado,13109
2022,SP,3514908,Elias Fausto,17699
2023,SP,3514908,Elias Fausto,17699
2024,SP,3514908,Elias Fausto,18103
2025,SP,3514908,Elias Fausto,18168
2022,SP,3514924,Elisiário,3138
2023,SP,3514924,Elisiário,3138
2024,SP,3514924,Elisiário,3189
2025,SP,3514924,Elisiário,3190
2022,SP,3514957,Embaúba,2323
2023,SP,3514957,Embaúba,2323
2024,SP,3514957,Embaúba,2353
2025,SP,3514957,Embaúba,2349
2022,SP,3515004,Embu das Artes,250691
2023,SP,3515004,Embu das Artes,250691
2024,SP,3515004,Embu das Artes,259323
2025,SP,3515004,Embu das Artes,259788
2022,SP,3515103,Embu-Guaçu,66970
2023,SP,3515103,Embu-Guaçu,66970
2024,SP,3515103,Embu-Guaçu,68805
2025,SP,3515103,Embu-Guaçu,68913
2022,SP,3515129,Emilianópolis,3014
2023,SP,3515129,Emilianópolis,3014
2024,SP,3515129,Emilianópolis,3062
2025,SP,3515129,Emilianópolis,3061
2022,SP,3515152,Engenheiro Coelho,19566
2023,SP,3515152,Engenheiro Coelho,19566
2024,SP,3515152,Engenheiro Coelho,20139
2025,SP,3515152,Engenheiro Coelho,20261
2022,SP,3515186,Espírito Santo do Pinhal,39816
2023,SP,3515186,Espírito Santo do Pinhal,39816
2024,SP,3515186,Espírito Santo do Pinhal,40681
2025,SP,3515186,Espírito Santo do Pinhal,40610
2022,SP,3515194,Espírito Santo do Turvo,4157
2023,SP,3515194,Espírito Santo do Turvo,4157
2024,SP,3515194,Espírito Santo do Turvo,4217
2025,SP,3515194,Espírito Santo do Turvo,4214
2022,SP,3557303,Estiva Gerbi,11295
2023,SP,3557303,Estiva Gerbi,11295
2024,SP,3557303,Estiva Gerbi,11566
2025,SP,3557303,Estiva Gerbi,11609
2022,SP,3515202,Estrela d'Oeste,9417
2023,SP,3515202,Estrela d'Oeste,9417
2024,SP,3515202,Estrela d'Oeste,9655
2025,SP,3515202,Estrela d'Oeste,9696
2022,SP,3515301,Estrela do Norte,2703
2023,SP,3515301,Estrela do Norte,2703
2024,SP,3515301,Estrela do Norte,2749
2025,SP,3515301,Estrela do Norte,2751
2022,SP,3515350,Euclides da Cunha Paulista,7924
2023,SP,3515350,Euclides da Cunha Paulista,7924
2024,SP,3515350,Euclides da Cunha Paulista,7928
2025,SP,3515350,Euclides da Cunha Paulista,7883
2022,SP,3515400,Fartura,16641
2023,SP,3515400,Fartura,16641
2024,SP,3515400,Fartura,16984
2025,SP,3515400,Fartura,17029
2022,SP,3515608,Fernando Prestes,5942
2023,SP,3515608,Fernando Prestes,5942
2024,SP,3515608,Fernando Prestes,6066
2025,SP,3515608,Fernando Prestes,6080
2022,SP,3515509,Fernandópolis,71186
2023,SP,3515509,Fernandópolis,71186
2024,SP,3515509,Fernandópolis,73286
2025,SP,3515509,Fernandópolis,73508
2022,SP,3515657,Fernão,1656
2023,SP,3515657,Fernão,1656
2024,SP,3515657,Fernão,1689
2025,SP,3515657,Fernão,1692
2022,SP,3515707,Ferraz de Vasconcelos,179198
2023,SP,3515707,Ferraz de Vasconcelos,179198
2024,SP,3515707,Ferraz de Vasconcelos,185622
2025,SP,3515707,Ferraz de Vasconcelos,186479
2022,SP,3515806,Flora Rica,1487
2023,SP,3515806,Flora Rica,1487
2024,SP,3515806,Flora Rica,1492
2025,SP,3515806,Flora Rica,1483
2022,SP,3515905,Floreal,2733
2023,SP,3515905,Floreal,2733
2024,SP,3515905,Floreal,2756
2025,SP,3515905,Floreal,2747
2022,SP,3516101,Florínia,3851
2023,SP,3516101,Florínia,3851
2024,SP,3516101,Florínia,3987
2025,SP,3516101,Florínia,4022
2022,SP,3516002,Flórida Paulista,12958
2023,SP,3516002,Flórida Paulista,12958
2024,SP,3516002,Flórida Paulista,13171
2025,SP,3516002,Flórida Paulista,13175
2022,SP,3516200,Franca,352536
2023,SP,3516200,Franca,352536
2024,SP,3516200,Franca,364331
2025,SP,3516200,Franca,365494
2022,SP,3516309,Francisco Morato,165139
2023,SP,3516309,Francisco Morato,165139
2024,SP,3516309,Francisco Morato,171107
2025,SP,3516309,Francisco Morato,171476
2022,SP,3516408,Franco da Rocha,144849
2023,SP,3516408,Franco da Rocha,144849
2024,SP,3516408,Franco da Rocha,149786
2025,SP,3516408,Franco da Rocha,150241
2022,SP,3516507,Gabriel Monteiro,2763
2023,SP,3516507,Gabriel Monteiro,2763
2024,SP,3516507,Gabriel Monteiro,2811
2025,SP,3516507,Gabriel Monteiro,2813
2022,SP,3516705,Garça,42110
2023,SP,3516705,Garça,42110
2024,SP,3516705,Garça,43115
2025,SP,3516705,Garça,43081
2022,SP,3516804,Gastão Vidigal,3252
2023,SP,3516804,Gastão Vidigal,3252
2024,SP,3516804,Gastão Vidigal,3235
2025,SP,3516804,Gastão Vidigal,3203
2022,SP,3516853,Gavião Peixoto,4702
2023,SP,3516853,Gavião Peixoto,4702
2024,SP,3516853,Gavião Peixoto,4797
2025,SP,3516853,Gavião Peixoto,4806
2022,SP,3516903,General Salgado,10312
2023,SP,3516903,General Salgado,10312
2024,SP,3516903,General Salgado,10449
2025,SP,3516903,General Salgado,10437
2022,SP,3517000,Getulina,10232
2023,SP,3517000,Getulina,10232
2024,SP,3517000,Getulina,10355
2025,SP,3517000,Getulina,10337
2022,SP,3517109,Glicério,4138
2023,SP,3517109,Glicério,4138
2024,SP,3517109,Glicério,4173
2025,SP,3517109,Glicério,4158
2022,SP,3517307,Guaimbê,5512
2023,SP,3517307,Guaimbê,5512
2024,SP,3517307,Guaimbê,5606
2025,SP,3517307,Guaimbê,5609
2022,SP,3517208,Guaiçara,11239
2023,SP,3517208,Guaiçara,11239
2024,SP,3517208,Guaiçara,11459
2025,SP,3517208,Guaiçara,11478
2022,SP,3517604,Guapiara,17071
2023,SP,3517604,Guapiara,17071
2024,SP,3517604,Guapiara,17256
2025,SP,3517604,Guapiara,17225
2022,SP,3517505,Guapiaçu,21711
2023,SP,3517505,Guapiaçu,21711
2024,SP,3517505,Guapiaçu,22316
2025,SP,3517505,Guapiaçu,22445
2022,SP,3517901,Guaraci,10350
2023,SP,3517901,Guaraci,10350
2024,SP,3517901,Guaraci,10542
2025,SP,3517901,Guaraci,10554
2022,SP,3518008,Guarani d'Oeste,1968
2023,SP,3518008,Guarani d'Oeste,1968
2024,SP,3518008,Guarani d'Oeste,1999
2025,SP,3518008,Guarani d'Oeste,1999
2022,SP,3518107,Guarantã,6427
2023,SP,3518107,Guarantã,6427
2024,SP,3518107,Guarantã,6531
2025,SP,3518107,Guarantã,6532
2022,SP,3518206,Guararapes,31043
2023,SP,3518206,Guararapes,31043
2024,SP,3518206,Guararapes,31872
2025,SP,3518206,Guararapes,31888
2022,SP,3518305,Guararema,31236
2023,SP,3518305,Guararema,31236
2024,SP,3518305,Guararema,32436
2025,SP,3518305,Guararema,32620
2022,SP,3518404,Guaratinguetá,118044
2023,SP,3518404,Guaratinguetá,118044
2024,SP,3518404,Guaratinguetá,121710
2025,SP,3518404,Guaratinguetá,121916
2022,SP,3517802,Guaraçaí,7441
2023,SP,3517802,Guaraçaí,7441
2024,SP,3517802,Guaraçaí,7486
2025,SP,3517802,Guaraçaí,7453
2022,SP,3518503,Guareí,15013
2023,SP,3518503,Guareí,15013
2024,SP,3518503,Guareí,15268
2025,SP,3518503,Guareí,15285
2022,SP,3518602,Guariba,37498
2023,SP,3518602,Guariba,37498
2024,SP,3518602,Guariba,38609
2025,SP,3518602,Guariba,38678
2022,SP,3518701,Guarujá,287634
2023,SP,3518701,Guarujá,287634
2024,SP,3518701,Guarujá,294973
2025,SP,3518701,Guarujá,294871
2022,SP,3518800,Guarulhos,1291771
2023,SP,3518800,Guarulhos,1291771
2024,SP,3518800,Guarulhos,1345364
2025,SP,3518800,Guarulhos,1349100
2022,SP,3517703,Guará,18606
2023,SP,3517703,Guará,18606
2024,SP,3517703,Guará,18790
2025,SP,3517703,Guará,18748
2022,SP,3518859,Guatapará,7320
2023,SP,3518859,Guatapará,7320
2024,SP,3518859,Guatapará,7462
2025,SP,3518859,Guatapará,7474
2022,SP,3517406,Guaíra,39279
2023,SP,3517406,Guaíra,39279
2024,SP,3517406,Guaíra,40424
2025,SP,3517406,Guaíra,40489
2022,SP,3518909,Guzolândia,4246
2023,SP,3518909,Guzolândia,4246
2024,SP,3518909,Guzolândia,4276
2025,SP,3518909,Guzolândia,4259
2022,SP,3516606,Gália,6380
2023,SP,3516606,Gália,6380
2024,SP,3516606,Gália,6435
2025,SP,3516606,Gália,6413
2022,SP,3519006,Herculândia,9125
2023,SP,3519006,Herculândia,9125
2024,SP,3519006,Herculândia,9302
2025,SP,3519006,Herculândia,9316
2022,SP,3519055,Holambra,15094
2023,SP,3519055,Holambra,15094
2024,SP,3519055,Holambra,15596
2025,SP,3519055,Holambra,15718
2022,SP,3519071,Hortolândia,236641
2023,SP,3519071,Hortolândia,236641
2024,SP,3519071,Hortolândia,247331
2025,SP,3519071,Hortolândia,248842
2022,SP,3519105,Iacanga,10437
2023,SP,3519105,Iacanga,10437
2024,SP,3519105,Iacanga,10633
2025,SP,3519105,Iacanga,10648
2022,SP,3519204,Iacri,6131
2023,SP,3519204,Iacri,6131
2024,SP,3519204,Iacri,6207
2025,SP,3519204,Iacri,6197
2022,SP,3519253,Iaras,8010
2023,SP,3519253,Iaras,8010
2024,SP,3519253,Iaras,8257
2025,SP,3519253,Iaras,8313
2022,SP,3519303,Ibaté,32178
2023,SP,3519303,Ibaté,32178
2024,SP,3519303,Ibaté,33110
2025,SP,3519303,Ibaté,33160
2022,SP,3519501,Ibirarema,6385
2023,SP,3519501,Ibirarema,6385
2024,SP,3519501,Ibirarema,6461
2025,SP,3519501,Ibirarema,6450
2022,SP,3519402,Ibirá,11690
2023,SP,3519402,Ibirá,11690
2024,SP,3519402,Ibirá,11934
2025,SP,3519402,Ibirá,11952
2022,SP,3519600,Ibitinga,60033
2023,SP,3519600,Ibitinga,60033
2024,SP,3519600,Ibitinga,61908
2025,SP,3519600,Ibitinga,62143
2022,SP,3519709,Ibiúna,75605
2023,SP,3519709,Ibiúna,75605
2024,SP,3519709,Ibiúna,77651
2025,SP,3519709,Ibiúna,77801
2022,SP,3519808,Icém,7819
2023,SP,3519808,Icém,7819
2024,SP,3519808,Icém,7969
2025,SP,3519808,Icém,7982
2022,SP,3519907,Iepê,7619
2023,SP,3519907,Iepê,7619
2024,SP,3519907,Iepê,7739
2025,SP,3519907,Iepê,7739
2022,SP,3520103,Igarapava,26212
2023,SP,3520103,Igarapava,26212
2024,SP,3520103,Igarapava,26755
2025,SP,3520103,Igarapava,26696
2022,SP,3520202,Igaratá,10605
2023,SP,3520202,Igaratá,10605
2024,SP,3520202,Igaratá,10904
2025,SP,3520202,Igaratá,10984
2022,SP,3520004,Igaraçu do Tietê,23106
2023,SP,3520004,Igaraçu do Tietê,23106
2024,SP,3520004,Igaraçu do Tietê,23430
2025,SP,3520004,Igaraçu do Tietê,23421
2022,SP,3520301,Iguape,29115
2023,SP,3520301,Iguape,29115
2024,SP,3520301,Iguape,29881
2025,SP,3520301,Iguape,29891
2022,SP,3520426,Ilha Comprida,13419
2023,SP,3520426,Ilha Comprida,13419
2024,SP,3520426,Ilha Comprida,13955
2025,SP,3520426,Ilha Comprida,14104
2022,SP,3520442,Ilha Solteira,25549
2023,SP,3520442,Ilha Solteira,25549
2024,SP,3520442,Ilha Solteira,26240
2025,SP,3520442,Ilha Solteira,26257
2022,SP,3520400,Ilhabela,34934
2023,SP,3520400,Ilhabela,34934
2024,SP,3520400,Ilhabela,36329
2025,SP,3520400,Ilhabela,36559
2022,SP,3520509,Indaiatuba,255748
2023,SP,3520509,Indaiatuba,255748
2024,SP,3520509,Indaiatuba,267796
2025,SP,3520509,Indaiatuba,269657
2022,SP,3520608,Indiana,5090
2023,SP,3520608,Indiana,5090
2024,SP,3520608,Indiana,5191
2025,SP,3520608,Indiana,5200
2022,SP,3520707,Indiaporã,4035
2023,SP,3520707,Indiaporã,4035
2024,SP,3520707,Indiaporã,4109
2025,SP,3520707,Indiaporã,4113
2022,SP,3520806,Inúbia Paulista,3615
2023,SP,3520806,Inúbia Paulista,3615
2024,SP,3520806,Inúbia Paulista,3671
2025,SP,3520806,Inúbia Paulista,3671
2022,SP,3520905,Ipaussu,13712
2023,SP,3520905,Ipaussu,13712
2024,SP,3520905,Ipaussu,13933
2025,SP,3520905,Ipaussu,13935
2022,SP,3521002,Iperó,36459
2023,SP,3521002,Iperó,36459
2024,SP,3521002,Iperó,37999
2025,SP,3521002,Iperó,38277
2022,SP,3521101,Ipeúna,6831
2023,SP,3521101,Ipeúna,6831
2024,SP,3521101,Ipeúna,6999
2025,SP,3521101,Ipeúna,7027
2022,SP,3521150,Ipiguá,6761
2023,SP,3521150,Ipiguá,6761
2024,SP,3521150,Ipiguá,7037
2025,SP,3521150,Ipiguá,7115
2022,SP,3521200,Iporanga,4046
2023,SP,3521200,Iporanga,4046
2024,SP,3521200,Iporanga,4091
2025,SP,3521200,Iporanga,4083
2022,SP,3521309,Ipuã,14454
2023,SP,3521309,Ipuã,14454
2024,SP,3521309,Ipuã,14691
2025,SP,3521309,Ipuã,14701
2022,SP,3521408,Iracemápolis,21967
2023,SP,3521408,Iracemápolis,21967
2024,SP,3521408,Iracemápolis,22435
2025,SP,3521408,Iracemápolis,22500
2022,SP,3521606,Irapuru,7085
2023,SP,3521606,Irapuru,7085
2024,SP,3521606,Irapuru,7145
2025,SP,3521606,Irapuru,7120
2022,SP,3521507,Irapuã,6867
2023,SP,3521507,Irapuã,6867
2024,SP,3521507,Irapuã,6946
2025,SP,3521507,Irapuã,6932
2022,SP,3521705,Itaberá,17983
2023,SP,3521705,Itaberá,17983
2024,SP,3521705,Itaberá,18258
2025,SP,3521705,Itaberá,18263
2022,SP,3521903,Itajobi,16989
2023,SP,3521903,Itajobi,16989
2024,SP,3521903,Itajobi,17420
2025,SP,3521903,Itajobi,17502
2022,SP,3522000,Itaju,3618
2023,SP,3522000,Itaju,3618
2024,SP,3522000,Itaju,3702
2025,SP,3522000,Itaju,3715
2022,SP,3522109,Itanhaém,112476
2023,SP,3522109,Itanhaém,112476
2024,SP,3522109,Itanhaém,117435
2025,SP,3522109,Itanhaém,118495
2022,SP,3522208,Itapecerica da Serra,158522
2023,SP,3522208,Itapecerica da Serra,158522
2024,SP,3522208,Itapecerica da Serra,163928
2025,SP,3522208,Itapecerica da Serra,163003
2022,SP,3522307,Itapetininga,157790
2023,SP,3522307,Itapetininga,157790
2024,SP,3522307,Itapetininga,163774
2025,SP,3522307,Itapetininga,164256
2022,SP,3522406,Itapeva,89728
2023,SP,3522406,Itapeva,89728
2024,SP,3522406,Itapeva,92324
2025,SP,3522406,Itapeva,92393
2022,SP,3522505,Itapevi,232297
2023,SP,3522505,Itapevi,232297
2024,SP,3522505,Itapevi,241924
2025,SP,3522505,Itapevi,242995
2022,SP,3522604,Itapira,72022
2023,SP,3522604,Itapira,72022
2024,SP,3522604,Itapira,73919
2025,SP,3522604,Itapira,74038
2022,SP,3522653,Itapirapuã Paulista,4306
2023,SP,3522653,Itapirapuã Paulista,4306
2024,SP,3522653,Itapirapuã Paulista,4405
2025,SP,3522653,Itapirapuã Paulista,4420
2022,SP,3522802,Itaporanga,14085
2023,SP,3522802,Itaporanga,14085
2024,SP,3522802,Itaporanga,14260
2025,SP,3522802,Itaporanga,14245
2022,SP,3523008,Itapura,3979
2023,SP,3523008,Itapura,3979
2024,SP,3523008,Itapura,4014
2025,SP,3523008,Itapura,4002
2022,SP,3522901,Itapuí,13659
2023,SP,3522901,Itapuí,13659
2024,SP,3522901,Itapuí,13984
2025,SP,3522901,Itapuí,14035
2022,SP,3523107,Itaquaquecetuba,369275
2023,SP,3523107,Itaquaquecetuba,369275
2024,SP,3523107,Itaquaquecetuba,382521
2025,SP,3523107,Itaquaquecetuba,382983
2022,SP,3523206,Itararé,44438
2023,SP,3523206,Itararé,44438
2024,SP,3523206,Itararé,45327
2025,SP,3523206,Itararé,45213
2022,SP,3523305,Itariri,15528
2023,SP,3523305,Itariri,15528
2024,SP,3523305,Itariri,15762
2025,SP,3523305,Itariri,15916
2022,SP,3523404,Itatiba,121590
2023,SP,3523404,Itatiba,121590
2024,SP,3523404,Itatiba,126403
2025,SP,3523404,Itatiba,127112
2022,SP,3523503,Itatinga,19070
2023,SP,3523503,Itatinga,19070
2024,SP,3523503,Itatinga,19427
2025,SP,3523503,Itatinga,19462
2022,SP,3521804,Itaí,25180
2023,SP,3521804,Itaí,25180
2024,SP,3521804,Itaí,25930
2025,SP,3521804,Itaí,25979
2022,SP,3522158,Itaóca,3422
2023,SP,3522158,Itaóca,3422
2024,SP,3522158,Itaóca,3490
2025,SP,3522158,Itaóca,3497
2022,SP,3523602,Itirapina,16148
2023,SP,3523602,Itirapina,16148
2024,SP,3523602,Itirapina,16433
2025,SP,3523602,Itirapina,16454
2022,SP,3523701,Itirapuã,5779
2023,SP,3523701,Itirapuã,5779
2024,SP,3523701,Itirapuã,5861
2025,SP,3523701,Itirapuã,5857
2022,SP,3523800,Itobi,8046
2023,SP,3523800,Itobi,8046
2024,SP,3523800,Itobi,8210
2025,SP,3523800,Itobi,8227
2022,SP,3523909,Itu,168240
2023,SP,3523909,Itu,168240
2024,SP,3523909,Itu,174561
2025,SP,3523909,Itu,175047
2022,SP,3524006,Itupeva,70616
2023,SP,3524006,Itupeva,70616
2024,SP,3524006,Itupeva,74119
2025,SP,3524006,Itupeva,74994
2022,SP,3524105,Ituverava,37571
2023,SP,3524105,Ituverava,37571
2024,SP,3524105,Ituverava,38451
2025,SP,3524105,Ituverava,38413
2022,SP,3522703,Itápolis,39493
2023,SP,3522703,Itápolis,39493
2024,SP,3522703,Itápolis,40464
2025,SP,3522703,Itápolis,40445
2022,SP,3524204,Jaborandi,6221
2023,SP,3524204,Jaborandi,6221
2024,SP,3524204,Jaborandi,6293
2025,SP,3524204,Jaborandi,6280
2022,SP,3524303,Jaboticabal,71821
2023,SP,3524303,Jaboticabal,71821
2024,SP,3524303,Jaboticabal,73467
2025,SP,3524303,Jaboticabal,73473
2022,SP,3524402,Jacareí,240275
2023,SP,3524402,Jacareí,240275
2024,SP,3524402,Jacareí,249968
2025,SP,3524402,Jacareí,250952
2022,SP,3524501,Jaci,7613
2023,SP,3524501,Jaci,7613
2024,SP,3524501,Jaci,7878
2025,SP,3524501,Jaci,7944
2022,SP,3524600,Jacupiranga,16097
2023,SP,3524600,Jacupiranga,16097
2024,SP,3524600,Jacupiranga,16254
2025,SP,3524600,Jacupiranga,16216
2022,SP,3524709,Jaguariúna,59347
2023,SP,3524709,Jaguariúna,59347
2024,SP,3524709,Jaguariúna,61801
2025,SP,3524709,Jaguariúna,62309
2022,SP,3524808,Jales,48776
2023,SP,3524808,Jales,48776
2024,SP,3524808,Jales,50017
2025,SP,3524808,Jales,50078
2022,SP,3524907,Jambeiro,6397
2023,SP,3524907,Jambeiro,6397
2024,SP,3524907,Jambeiro,6575
2025,SP,3524907,Jambeiro,6611
2022,SP,3525003,Jandira,118045
2023,SP,3525003,Jandira,118045
2024,SP,3525003,Jandira,121988
2025,SP,3525003,Jandira,121550
2022,SP,3525102,Jardinópolis,45282
2023,SP,3525102,Jardinópolis,45282
2024,SP,3525102,Jardinópolis,46868
2025,SP,3525102,Jardinópolis,47125
2022,SP,3525201,Jarinu,37535
2023,SP,3525201,Jarinu,37535
2024,SP,3525201,Jarinu,39531
2025,SP,3525201,Jarinu,40007
2022,SP,3525300,Jaú,133497
2023,SP,3525300,Jaú,133497
2024,SP,3525300,Jaú,137323
2025,SP,3525300,Jaú,137409
2022,SP,3525409,Jeriquara,3863
2023,SP,3525409,Jeriquara,3863
2024,SP,3525409,Jeriquara,3976
2025,SP,3525409,Jeriquara,4000
2022,SP,3525508,Joanópolis,12815
2023,SP,3525508,Joanópolis,12815
2024,SP,3525508,Joanópolis,13095
2025,SP,3525508,Joanópolis,13131
2022,SP,3525706,José Bonifácio,36633
2023,SP,3525706,José Bonifácio,36633
2024,SP,3525706,José Bonifácio,37859
2025,SP,3525706,José Bonifácio,37992
2022,SP,3525607,João Ramalho,4371
2023,SP,3525607,João Ramalho,4371
2024,SP,3525607,João Ramalho,4456
2025,SP,3525607,João Ramalho,4464
2022,SP,3525854,Jumirim,3056
2023,SP,3525854,Jumirim,3056
2024,SP,3525854,Jumirim,3123
2025,SP,3525854,Jumirim,3132
2022,SP,3525904,Jundiaí,443221
2023,SP,3525904,Jundiaí,443221
2024,SP,3525904,Jundiaí,460313
2025,SP,3525904,Jundiaí,463039
2022,SP,3526001,Junqueirópolis,20448
2023,SP,3526001,Junqueirópolis,20448
2024,SP,3526001,Junqueirópolis,20878
2025,SP,3526001,Junqueirópolis,20939
2022,SP,3526209,Juquitiba,27404
2023,SP,3526209,Juquitiba,27404
2024,SP,3526209,Juquitiba,28007
2025,SP,3526209,Juquitiba,27969
2022,SP,3526100,Juquiá,17154
2023,SP,3526100,Juquiá,17154
2024,SP,3526100,Juquiá,17255
2025,SP,3526100,Juquiá,17184
2022,SP,3525805,Júlio Mesquita,4254
2023,SP,3525805,Júlio Mesquita,4254
2024,SP,3525805,Júlio Mesquita,4308
2025,SP,3525805,Júlio Mesquita,4302
2022,SP,3526308,Lagoinha,5083
2023,SP,3526308,Lagoinha,5083
2024,SP,3526308,Lagoinha,5182
2025,SP,3526308,Lagoinha,5183
2022,SP,3526407,Laranjal Paulista,26261
2023,SP,3526407,Laranjal Paulista,26261
2024,SP,3526407,Laranjal Paulista,27009
2025,SP,3526407,Laranjal Paulista,27044
2022,SP,3526605,Lavrinhas,7171
2023,SP,3526605,Lavrinhas,7171
2024,SP,3526605,Lavrinhas,7328
2025,SP,3526605,Lavrinhas,7348
2022,SP,3526506,Lavínia,9689
2023,SP,3526506,Lavínia,9689
2024,SP,3526506,Lavínia,9909
2025,SP,3526506,Lavínia,9940
2022,SP,3526704,Leme,98161
2023,SP,3526704,Leme,98161
2024,SP,3526704,Leme,101316
2025,SP,3526704,Leme,101537
2022,SP,3526803,Lençóis Paulista,66505
2023,SP,3526803,Lençóis Paulista,66505
2024,SP,3526803,Lençóis Paulista,68395
2025,SP,3526803,Lençóis Paulista,68568
2022,SP,3526902,Limeira,291869
2023,SP,3526902,Limeira,291869
2024,SP,3526902,Limeira,300728
2025,SP,3526902,Limeira,301292
2022,SP,3527009,Lindóia,7014
2023,SP,3527009,Lindóia,7014
2024,SP,3527009,Lindóia,7147
2025,SP,3527009,Lindóia,7158
2022,SP,3527108,Lins,74779
2023,SP,3527108,Lins,74779
2024,SP,3527108,Lins,76729
2025,SP,3527108,Lins,76844
2022,SP,3527207,Lorena,84855
2023,SP,3527207,Lorena,84855
2024,SP,3527207,Lorena,87370
2025,SP,3527207,Lorena,87468
2022,SP,3527256,Lourdes,1950
2023,SP,3527256,Lourdes,1950
2024,SP,3527256,Lourdes,1968
2025,SP,3527256,Lourdes,1962
2022,SP,3527306,Louveira,51847
2023,SP,3527306,Louveira,51847
2024,SP,3527306,Louveira,54111
2025,SP,3527306,Louveira,54865
2022,SP,3527504,Lucianópolis,2372
2023,SP,3527504,Lucianópolis,2372
2024,SP,3527504,Lucianópolis,2419
2025,SP,3527504,Lucianópolis,2423
2022,SP,3527405,Lucélia,20061
2023,SP,3527405,Lucélia,20061
2024,SP,3527405,Lucélia,20372
2025,SP,3527405,Lucélia,20378
2022,SP,3527702,Luiziânia,4701
2023,SP,3527702,Luiziânia,4701
2024,SP,3527702,Luiziânia,4751
2025,SP,3527702,Luiziânia,4740
2022,SP,3527801,Lupércio,3981
2023,SP,3527801,Lupércio,3981
2024,SP,3527801,Lupércio,4017
2025,SP,3527801,Lupércio,4004
2022,SP,3527900,Lutécia,2661
2023,SP,3527900,Lutécia,2661
2024,SP,3527900,Lutécia,2699
2025,SP,3527900,Lutécia,2697
2022,SP,3527603,Luís Antônio,12265
2023,SP,3527603,Luís Antônio,12265
2024,SP,3527603,Luís Antônio,12531
2025,SP,3527603,Luís Antônio,12564
2022,SP,3528007,Macatuba,16829
2023,SP,3528007,Macatuba,16829
2024,SP,3528007,Macatuba,17120
2025,SP,3528007,Macatuba,17140
2022,SP,3528106,Macaubal,7481
2023,SP,3528106,Macaubal,7481
2024,SP,3528106,Macaubal,7587
2025,SP,3528106,Macaubal,7581
2022,SP,3528205,Macedônia,3963
2023,SP,3528205,Macedônia,3963
2024,SP,3528205,Macedônia,4048
2025,SP,3528205,Macedônia,4058
2022,SP,3528304,Magda,3165
2023,SP,3528304,Magda,3165
2024,SP,3528304,Magda,3212
2025,SP,3528304,Magda,3211
2022,SP,3528403,Mairinque,50027
2023,SP,3528403,Mairinque,50027
2024,SP,3528403,Mairinque,51660
2025,SP,3528403,Mairinque,51888
2022,SP,3528502,Mairiporã,93853
2023,SP,3528502,Mairiporã,93853
2024,SP,3528502,Mairiporã,97399
2025,SP,3528502,Mairiporã,97835
2022,SP,3528601,Manduri,9871
2023,SP,3528601,Manduri,9871
2024,SP,3528601,Manduri,10092
2025,SP,3528601,Manduri,10122
2022,SP,3528700,Marabá Paulista,4573
2023,SP,3528700,Marabá Paulista,4573
2024,SP,3528700,Marabá Paulista,4627
2025,SP,3528700,Marabá Paulista,4619
2022,SP,3528809,Maracaí,12673
2023,SP,3528809,Maracaí,12673
2024,SP,3528809,Maracaí,12826
2025,SP,3528809,Maracaí,12804
2022,SP,3528858,Marapoama,3292
2023,SP,3528858,Marapoama,3292
2024,SP,3528858,Marapoama,3392
2025,SP,3528858,Marapoama,3415
2022,SP,3529104,Marinópolis,1860
2023,SP,3529104,Marinópolis,1860
2024,SP,3529104,Marinópolis,1870
2025,SP,3529104,Marinópolis,1862
2022,SP,3528908,Mariápolis,3513
2023,SP,3528908,Mariápolis,3513
2024,SP,3528908,Mariápolis,3539
2025,SP,3528908,Mariápolis,3526
2022,SP,3529203,Martinópolis,24881
2023,SP,3529203,Martinópolis,24881
2024,SP,3529203,Martinópolis,25299
2025,SP,3529203,Martinópolis,25240
2022,SP,3529005,Marília,237627
2023,SP,3529005,Marília,237627
2024,SP,3529005,Marília,246627
2025,SP,3529005,Marília,247348
2022,SP,3529302,Matão,79033
2023,SP,3529302,Matão,79033
2024,SP,3529302,Matão,80998
2025,SP,3529302,Matão,81075
2022,SP,3529401,Mauá,418261
2023,SP,3529401,Mauá,418261
2024,SP,3529401,Mauá,429380
2025,SP,3529401,Mauá,429014
2022,SP,3529500,Mendonça,6159
2023,SP,3529500,Mendonça,6159
2024,SP,3529500,Mendonça,6369
2025,SP,3529500,Mendonça,6420
2022,SP,3529609,Meridiano,4572
2023,SP,3529609,Meridiano,4572
2024,SP,3529609,Meridiano,4697
2025,SP,3529609,Meridiano,4721
2022,SP,3529658,Mesópolis,1952
2023,SP,3529658,Mesópolis,1952
2024,SP,3529658,Mesópolis,1988
2025,SP,3529658,Mesópolis,1990
2022,SP,3529708,Miguelópolis,19441
2023,SP,3529708,Miguelópolis,19441
2024,SP,3529708,Miguelópolis,19655
2025,SP,3529708,Miguelópolis,19621
2022,SP,3529807,Mineiros do Tietê,11230
2023,SP,3529807,Mineiros do Tietê,11230
2024,SP,3529807,Mineiros do Tietê,11349
2025,SP,3529807,Mineiros do Tietê,11322
2022,SP,3530003,Mira Estrela,3126
2023,SP,3530003,Mira Estrela,3126
2024,SP,3530003,Mira Estrela,3199
2025,SP,3530003,Mira Estrela,3209
2022,SP,3529906,Miracatu,18553
2023,SP,3529906,Miracatu,18553
2024,SP,3529906,Miracatu,18679
2025,SP,3529906,Miracatu,18610
2022,SP,3530102,Mirandópolis,27983
2023,SP,3530102,Mirandópolis,27983
2024,SP,3530102,Mirandópolis,28737
2025,SP,3530102,Mirandópolis,28754
2022,SP,3530201,Mirante do Paranapanema,15917
2023,SP,3530201,Mirante do Paranapanema,15917
2024,SP,3530201,Mirante do Paranapanema,16069
2025,SP,3530201,Mirante do Paranapanema,16031
2022,SP,3530300,Mirassol,63337
2023,SP,3530300,Mirassol,63337
2024,SP,3530300,Mirassol,65485
2025,SP,3530300,Mirassol,65811
2022,SP,3530409,Mirassolândia,4669
2023,SP,3530409,Mirassolândia,4669
2024,SP,3530409,Mirassolândia,4771
2025,SP,3530409,Mirassolândia,4783
2022,SP,3530508,Mococa,67681
2023,SP,3530508,Mococa,67681
2024,SP,3530508,Mococa,69324
2025,SP,3530508,Mococa,69372
2022,SP,3530706,Mogi Guaçu,153658
2023,SP,3530706,Mogi Guaçu,153658
2024,SP,3530706,Mogi Guaçu,159735
2025,SP,3530706,Mogi Guaçu,160318
2022,SP,3530805,Mogi Mirim,92558
2023,SP,3530805,Mogi Mirim,92558
2024,SP,3530805,Mogi Mirim,95534
2025,SP,3530805,Mogi Mirim,95742
2022,SP,3530607,Mogi das Cruzes,451505
2023,SP,3530607,Mogi das Cruzes,451505
2024,SP,3530607,Mogi das Cruzes,468120
2025,SP,3530607,Mogi das Cruzes,470302
2022,SP,3530904,Mombuca,3722
2023,SP,3530904,Mombuca,3722
2024,SP,3530904,Mombuca,3815
2025,SP,3530904,Mombuca,3830
2022,SP,3531100,Mongaguá,61951
2023,SP,3531100,Mongaguá,61951
2024,SP,3531100,Mongaguá,64519
2025,SP,3531100,Mongaguá,64845
2022,SP,3531209,Monte Alegre do Sul,8627
2023,SP,3531209,Monte Alegre do Sul,8627
2024,SP,3531209,Monte Alegre do Sul,8873
2025,SP,3531209,Monte Alegre do Sul,8923
2022,SP,3531308,Monte Alto,47574
2023,SP,3531308,Monte Alto,47574
2024,SP,3531308,Monte Alto,48725
2025,SP,3531308,Monte Alto,48758
2022,SP,3531407,Monte Aprazível,22280
2023,SP,3531407,Monte Aprazível,22280
2024,SP,3531407,Monte Aprazível,22650
2025,SP,3531407,Monte Aprazível,22668
2022,SP,3531506,Monte Azul Paulista,18151
2023,SP,3531506,Monte Azul Paulista,18151
2024,SP,3531506,Monte Azul Paulista,18363
2025,SP,3531506,Monte Azul Paulista,18337
2022,SP,3531605,Monte Castelo,4222
2023,SP,3531605,Monte Castelo,4222
2024,SP,3531605,Monte Castelo,4301
2025,SP,3531605,Monte Castelo,4306
2022,SP,3531803,Monte Mor,64662
2023,SP,3531803,Monte Mor,64662
2024,SP,3531803,Monte Mor,67296
2025,SP,3531803,Monte Mor,67832
2022,SP,3531704,Monteiro Lobato,4138
2023,SP,3531704,Monteiro Lobato,4138
2024,SP,3531704,Monteiro Lobato,4205
2025,SP,3531704,Monteiro Lobato,4205
2022,SP,3531001,Monções,1937
2023,SP,3531001,Monções,1937
2024,SP,3531001,Monções,1954
2025,SP,3531001,Monções,1947
2022,SP,3531902,Morro Agudo,27933
2023,SP,3531902,Morro Agudo,27933
2024,SP,3531902,Morro Agudo,28561
2025,SP,3531902,Morro Agudo,28521
2022,SP,3532009,Morungaba,13720
2023,SP,3532009,Morungaba,13720
2024,SP,3532009,Morungaba,14081
2025,SP,3532009,Morungaba,14147
2022,SP,3532058,Motuca,4034
2023,SP,3532058,Motuca,4034
2024,SP,3532058,Motuca,4079
2025,SP,3532058,Motuca,4071
2022,SP,3532108,Murutinga do Sul,3737
2023,SP,3532108,Murutinga do Sul,3737
2024,SP,3532108,Murutinga do Sul,3763
2025,SP,3532108,Murutinga do Sul,3748
2022,SP,3532157,Nantes,2660
2023,SP,3532157,Nantes,2660
2024,SP,3532157,Nantes,2699
2025,SP,3532157,Nantes,2697
2022,SP,3532207,Narandiba,5713
2023,SP,3532207,Narandiba,5713
2024,SP,3532207,Narandiba,5908
2025,SP,3532207,Narandiba,5956
2022,SP,3532306,Natividade da Serra,6999
2023,SP,3532306,Natividade da Serra,6999
2024,SP,3532306,Natividade da Serra,7134
2025,SP,3532306,Natividade da Serra,7155
2022,SP,3532405,Nazaré Paulista,18217
2023,SP,3532405,Nazaré Paulista,18217
2024,SP,3532405,Nazaré Paulista,18620
2025,SP,3532405,Nazaré Paulista,18675
2022,SP,3532504,Neves Paulista,9699
2023,SP,3532504,Neves Paulista,9699
2024,SP,3532504,Neves Paulista,9921
2025,SP,3532504,Neves Paulista,9953
2022,SP,3532603,Nhandeara,9852
2023,SP,3532603,Nhandeara,9852
2024,SP,3532603,Nhandeara,9944
2025,SP,3532603,Nhandeara,9915
2022,SP,3532702,Nipoã,4750
2023,SP,3532702,Nipoã,4750
2024,SP,3532702,Nipoã,4860
2025,SP,3532702,Nipoã,4876
2022,SP,3532801,Nova Aliança,6693
2023,SP,3532801,Nova Aliança,6693
2024,SP,3532801,Nova Aliança,6858
2025,SP,3532801,Nova Aliança,6885
2022,SP,3532827,Nova Campina,8497
2023,SP,3532827,Nova Campina,8497
2024,SP,3532827,Nova Campina,8631
2025,SP,3532827,Nova Campina,8630
2022,SP,3532843,Nova Canaã Paulista,2032
2023,SP,3532843,Nova Canaã Paulista,2032
2024,SP,3532843,Nova Canaã Paulista,2058
2025,SP,3532843,Nova Canaã Paulista,2055
2022,SP,3532868,Nova Castilho,1062
2023,SP,3532868,Nova Castilho,1062
2024,SP,3532868,Nova Castilho,1074
2025,SP,3532868,Nova Castilho,1072
2022,SP,3532900,Nova Europa,9311
2023,SP,3532900,Nova Europa,9311
2024,SP,3532900,Nova Europa,9459
2025,SP,3532900,Nova Europa,9459
2022,SP,3533007,Nova Granada,19419
2023,SP,3533007,Nova Granada,19419
2024,SP,3533007,Nova Granada,19725
2025,SP,3533007,Nova Granada,19733
2022,SP,3533106,Nova Guataporanga,2156
2023,SP,3533106,Nova Guataporanga,2156
2024,SP,3533106,Nova Guataporanga,2188
2025,SP,3533106,Nova Guataporanga,2188
2022,SP,3533205,Nova Independência,4609
2023,SP,3533205,Nova Independência,4609
2024,SP,3533205,Nova Independência,4795
2025,SP,3533205,Nova Independência,4847
2022,SP,3533304,Nova Luzitânia,2837
2023,SP,3533304,Nova Luzitânia,2837
2024,SP,3533304,Nova Luzitânia,2838
2025,SP,3533304,Nova Luzitânia,2817
2022,SP,3533403,Nova Odessa,62019
2023,SP,3533403,Nova Odessa,62019
2024,SP,3533403,Nova Odessa,64228
2025,SP,3533403,Nova Odessa,64596
2022,SP,3533254,Novais,4412
2023,SP,3533254,Novais,4412
2024,SP,3533254,Novais,4469
2025,SP,3533254,Novais,4463
2022,SP,3533502,Novo Horizonte,38324
2023,SP,3533502,Novo Horizonte,38324
2024,SP,3533502,Novo Horizonte,39435
2025,SP,3533502,Novo Horizonte,39494
2022,SP,3533601,Nuporanga,7391
2023,SP,3533601,Nuporanga,7391
2024,SP,3533601,Nuporanga,7550
2025,SP,3533601,Nuporanga,7570
2022,SP,3533700,Ocauçu,4331
2023,SP,3533700,Ocauçu,4331
2024,SP,3533700,Ocauçu,4412
2025,SP,3533700,Ocauçu,4418
2022,SP,3533908,Olímpia,55074
2023,SP,3533908,Olímpia,55074
2024,SP,3533908,Olímpia,56701
2025,SP,3533908,Olímpia,56874
2022,SP,3534005,Onda Verde,4771
2023,SP,3534005,Onda Verde,4771
2024,SP,3534005,Onda Verde,4912
2025,SP,3534005,Onda Verde,4942
2022,SP,3534104,Oriente,6085
2023,SP,3534104,Oriente,6085
2024,SP,3534104,Oriente,6180
2025,SP,3534104,Oriente,6180
2022,SP,3534203,Orindiúva,6024
2023,SP,3534203,Orindiúva,6024
2024,SP,3534203,Orindiúva,6145
2025,SP,3534203,Orindiúva,6157
2022,SP,3534302,Orlândia,38319
2023,SP,3534302,Orlândia,38319
2024,SP,3534302,Orlândia,39193
2025,SP,3534302,Orlândia,39144
2022,SP,3534401,Osasco,728615
2023,SP,3534401,Osasco,728615
2024,SP,3534401,Osasco,756952
2025,SP,3534401,Osasco,759524
2022,SP,3534500,Oscar Bressane,2470
2023,SP,3534500,Oscar Bressane,2470
2024,SP,3534500,Oscar Bressane,2504
2025,SP,3534500,Oscar Bressane,2502
2022,SP,3534609,Osvaldo Cruz,31272
2023,SP,3534609,Osvaldo Cruz,31272
2024,SP,3534609,Osvaldo Cruz,32099
2025,SP,3534609,Osvaldo Cruz,32112
2022,SP,3534708,Ourinhos,103970
2023,SP,3534708,Ourinhos,103970
2024,SP,3534708,Ourinhos,106877
2025,SP,3534708,Ourinhos,106911
2022,SP,3534807,Ouro Verde,7779
2023,SP,3534807,Ouro Verde,7779
2024,SP,3534807,Ouro Verde,7901
2025,SP,3534807,Ouro Verde,7900
2022,SP,3534757,Ouroeste,10294
2023,SP,3534757,Ouroeste,10294
2024,SP,3534757,Ouroeste,10596
2025,SP,3534757,Ouroeste,10660
2022,SP,3534906,Pacaembu,14877
2023,SP,3534906,Pacaembu,14877
2024,SP,3534906,Pacaembu,15217
2025,SP,3534906,Pacaembu,15273
2022,SP,3535002,Palestina,11476
2023,SP,3535002,Palestina,11476
2024,SP,3535002,Palestina,11689
2025,SP,3535002,Palestina,11704
2022,SP,3535101,Palmares Paulista,9650
2023,SP,3535101,Palmares Paulista,9650
2024,SP,3535101,Palmares Paulista,9709
2025,SP,3535101,Palmares Paulista,9666
2022,SP,3535200,Palmeira d'Oeste,8903
2023,SP,3535200,Palmeira d'Oeste,8903
2024,SP,3535200,Palmeira d'Oeste,8994
2025,SP,3535200,Palmeira d'Oeste,8971
2022,SP,3535309,Palmital,19594
2023,SP,3535309,Palmital,19594
2024,SP,3535309,Palmital,19767
2025,SP,3535309,Palmital,19714
2022,SP,3535408,Panorama,14964
2023,SP,3535408,Panorama,14964
2024,SP,3535408,Panorama,15214
2025,SP,3535408,Panorama,15227
2022,SP,3535507,Paraguaçu Paulista,41120
2023,SP,3535507,Paraguaçu Paulista,41120
2024,SP,3535507,Paraguaçu Paulista,42087
2025,SP,3535507,Paraguaçu Paulista,42049
2022,SP,3535606,Paraibuna,17667
2023,SP,3535606,Paraibuna,17667
2024,SP,3535606,Paraibuna,17950
2025,SP,3535606,Paraibuna,17959
2022,SP,3535804,Paranapanema,19395
2023,SP,3535804,Paranapanema,19395
2024,SP,3535804,Paranapanema,19799
2025,SP,3535804,Paranapanema,19853
2022,SP,3535903,Paranapuã,4031
2023,SP,3535903,Paranapuã,4031
2024,SP,3535903,Paranapuã,4111
2025,SP,3535903,Paranapuã,4118
2022,SP,3536000,Parapuã,10580
2023,SP,3536000,Parapuã,10580
2024,SP,3536000,Parapuã,10729
2025,SP,3536000,Parapuã,10720
2022,SP,3535705,Paraíso,6099
2023,SP,3535705,Paraíso,6099
2024,SP,3535705,Paraíso,6211
2025,SP,3535705,Paraíso,6218
2022,SP,3536109,Pardinho,7153
2023,SP,3536109,Pardinho,7153
2024,SP,3536109,Pardinho,7382
2025,SP,3536109,Pardinho,7435
2022,SP,3536208,Pariquera-Açu,19233
2023,SP,3536208,Pariquera-Açu,19233
2024,SP,3536208,Pariquera-Açu,19576
2025,SP,3536208,Pariquera-Açu,19603
2022,SP,3536257,Parisi,2892
2023,SP,3536257,Parisi,2892
2024,SP,3536257,Parisi,3001
2025,SP,3536257,Parisi,3030
2022,SP,3536307,Patrocínio Paulista,14512
2023,SP,3536307,Patrocínio Paulista,14512
2024,SP,3536307,Patrocínio Paulista,14837
2025,SP,3536307,Patrocínio Paulista,14888
2022,SP,3536406,Paulicéia,7955
2023,SP,3536406,Paulicéia,7955
2024,SP,3536406,Paulicéia,8200
2025,SP,3536406,Paulicéia,8255
2022,SP,3536570,Paulistânia,2090
2023,SP,3536570,Paulistânia,2090
2024,SP,3536570,Paulistânia,2146
2025,SP,3536570,Paulistânia,2156
2022,SP,3536604,Paulo de Faria,7400
2023,SP,3536604,Paulo de Faria,7400
2024,SP,3536604,Paulo de Faria,7430
2025,SP,3536604,Paulo de Faria,7390
2022,SP,3536505,Paulínia,110537
2023,SP,3536505,Paulínia,110537
2024,SP,3536505,Paulínia,115690
2025,SP,3536505,Paulínia,116674
2022,SP,3536703,Pederneiras,44827
2023,SP,3536703,Pederneiras,44827
2024,SP,3536703,Pederneiras,46223
2025,SP,3536703,Pederneiras,46337
2022,SP,3536802,Pedra Bela,6557
2023,SP,3536802,Pedra Bela,6557
2024,SP,3536802,Pedra Bela,6718
2025,SP,3536802,Pedra Bela,6745
2022,SP,3536901,Pedranópolis,2787
2023,SP,3536901,Pedranópolis,2787
2024,SP,3536901,Pedranópolis,2848
2025,SP,3536901,Pedranópolis,2856
2022,SP,3537008,Pedregulho,15525
2023,SP,3537008,Pedregulho,15525
2024,SP,3537008,Pedregulho,15742
2025,SP,3537008,Pedregulho,15737
2022,SP,3537107,Pedreira,43112
2023,SP,3537107,Pedreira,43112
2024,SP,3537107,Pedreira,44332
2025,SP,3537107,Pedreira,44385
2022,SP,3537156,Pedrinhas Paulista,2804
2023,SP,3537156,Pedrinhas Paulista,2804
2024,SP,3537156,Pedrinhas Paulista,2838
2025,SP,3537156,Pedrinhas Paulista,2833
2022,SP,3537206,Pedro de Toledo,11281
2023,SP,3537206,Pedro de Toledo,11281
2024,SP,3537206,Pedro de Toledo,11539
2025,SP,3537206,Pedro de Toledo,11617
2022,SP,3537305,Penápolis,61679
2023,SP,3537305,Penápolis,61679
2024,SP,3537305,Penápolis,63317
2025,SP,3537305,Penápolis,63426
2022,SP,3537404,Pereira Barreto,24095
2023,SP,3537404,Pereira Barreto,24095
2024,SP,3537404,Pereira Barreto,24389
2025,SP,3537404,Pereira Barreto,24360
2022,SP,3537503,Pereiras,8737
2023,SP,3537503,Pereiras,8737
2024,SP,3537503,Pereiras,8969
2025,SP,3537503,Pereiras,9013
2022,SP,3537602,Peruíbe,68352
2023,SP,3537602,Peruíbe,68352
2024,SP,3537602,Peruíbe,70543
2025,SP,3537602,Peruíbe,70629
2022,SP,3537701,Piacatu,5519
2023,SP,3537701,Piacatu,5519
2024,SP,3537701,Piacatu,5623
2025,SP,3537701,Piacatu,5631
2022,SP,3537800,Piedade,52970
2023,SP,3537800,Piedade,52970
2024,SP,3537800,Piedade,54237
2025,SP,3537800,Piedade,54266
2022,SP,3537909,Pilar do Sul,27619
2023,SP,3537909,Pilar do Sul,27619
2024,SP,3537909,Pilar do Sul,28417
2025,SP,3537909,Pilar do Sul,28459
2022,SP,3538006,Pindamonhangaba,165428
2023,SP,3538006,Pindamonhangaba,165428
2024,SP,3538006,Pindamonhangaba,172027
2025,SP,3538006,Pindamonhangaba,172681
2022,SP,3538105,Pindorama,14542
2023,SP,3538105,Pindorama,14542
2024,SP,3538105,Pindorama,14721
2025,SP,3538105,Pindorama,14704
2022,SP,3538204,Pinhalzinho,15224
2023,SP,3538204,Pinhalzinho,15224
2024,SP,3538204,Pinhalzinho,15605
2025,SP,3538204,Pinhalzinho,15676
2022,SP,3538303,Piquerobi,3264
2023,SP,3538303,Piquerobi,3264
2024,SP,3538303,Piquerobi,3296
2025,SP,3538303,Piquerobi,3287
2022,SP,3538501,Piquete,12490
2023,SP,3538501,Piquete,12490
2024,SP,3538501,Piquete,12570
2025,SP,3538501,Piquete,12516
2022,SP,3538600,Piracaia,26029
2023,SP,3538600,Piracaia,26029
2024,SP,3538600,Piracaia,26764
2025,SP,3538600,Piracaia,26795
2022,SP,3538709,Piracicaba,423323
2023,SP,3538709,Piracicaba,423323
2024,SP,3538709,Piracicaba,438827
2025,SP,3538709,Piracicaba,440835
2022,SP,3538808,Piraju,29436
2023,SP,3538808,Piraju,29436
2024,SP,3538808,Piraju,30261
2025,SP,3538808,Piraju,30294
2022,SP,3538907,Pirajuí,22431
2023,SP,3538907,Pirajuí,22431
2024,SP,3538907,Pirajuí,22743
2025,SP,3538907,Pirajuí,22734
2022,SP,3539004,Pirangi,10885
2023,SP,3539004,Pirangi,10885
2024,SP,3539004,Pirangi,11076
2025,SP,3539004,Pirangi,11085
2022,SP,3539103,Pirapora do Bom Jesus,18370
2023,SP,3539103,Pirapora do Bom Jesus,18370
2024,SP,3539103,Pirapora do Bom Jesus,18836
2025,SP,3539103,Pirapora do Bom Jesus,18925
2022,SP,3539202,Pirapozinho,25348
2023,SP,3539202,Pirapozinho,25348
2024,SP,3539202,Pirapozinho,26065
2025,SP,3539202,Pirapozinho,26097
2022,SP,3539301,Pirassununga,73545
2023,SP,3539301,Pirassununga,73545
2024,SP,3539301,Pirassununga,75475
2025,SP,3539301,Pirassununga,75594
2022,SP,3539400,Piratininga,15108
2023,SP,3539400,Piratininga,15108
2024,SP,3539400,Piratininga,15554
2025,SP,3539400,Piratininga,15657
2022,SP,3539509,Pitangueiras,33674
2023,SP,3539509,Pitangueiras,33674
2024,SP,3539509,Pitangueiras,34416
2025,SP,3539509,Pitangueiras,34361
2022,SP,3539608,Planalto,4389
2023,SP,3539608,Planalto,4389
2024,SP,3539608,Planalto,4454
2025,SP,3539608,Planalto,4451
2022,SP,3539707,Platina,3025
2023,SP,3539707,Platina,3025
2024,SP,3539707,Platina,3061
2025,SP,3539707,Platina,3055
2022,SP,3539905,Poloni,5592
2023,SP,3539905,Poloni,5592
2024,SP,3539905,Poloni,5696
2025,SP,3539905,Poloni,5702
2022,SP,3540002,Pompéia,20196
2023,SP,3540002,Pompéia,20196
2024,SP,3540002,Pompéia,20512
2025,SP,3540002,Pompéia,20520
2022,SP,3540101,Pongaí,3395
2023,SP,3540101,Pongaí,3395
2024,SP,3540101,Pongaí,3443
2025,SP,3540101,Pongaí,3440
2022,SP,3540200,Pontal,37607
2023,SP,3540200,Pontal,37607
2024,SP,3540200,Pontal,38376
2025,SP,3540200,Pontal,38286
2022,SP,3540259,Pontalinda,4127
2023,SP,3540259,Pontalinda,4127
2024,SP,3540259,Pontalinda,4196
2025,SP,3540259,Pontalinda,4198
2022,SP,3540309,Pontes Gestal,2387
2023,SP,3540309,Pontes Gestal,2387
2024,SP,3540309,Pontes Gestal,2415
2025,SP,3540309,Pontes Gestal,2411
2022,SP,3540408,Populina,4127
2023,SP,3540408,Populina,4127
2024,SP,3540408,Populina,4185
2025,SP,3540408,Populina,4182
2022,SP,3540507,Porangaba,10451
2023,SP,3540507,Porangaba,10451
2024,SP,3540507,Porangaba,10773
2025,SP,3540507,Porangaba,10850
2022,SP,3540606,Porto Feliz,56497
2023,SP,3540606,Porto Feliz,56497
2024,SP,3540606,Porto Feliz,58345
2025,SP,3540606,Porto Feliz,58605
2022,SP,3540705,Porto Ferreira,52649
2023,SP,3540705,Porto Ferreira,52649
2024,SP,3540705,Porto Ferreira,53940
2025,SP,3540705,Porto Ferreira,53966
2022,SP,3540754,Potim,20392
2023,SP,3540754,Potim,20392
2024,SP,3540754,Potim,20767
2025,SP,3540754,Potim,20801
2022,SP,3540804,Potirendaba,18496
2023,SP,3540804,Potirendaba,18496
2024,SP,3540804,Potirendaba,18994
2025,SP,3540804,Potirendaba,19097
2022,SP,3539806,Poá,103765
2023,SP,3539806,Poá,103765
2024,SP,3539806,Poá,106431
2025,SP,3539806,Poá,106355
2022,SP,3540853,Pracinha,2578
2023,SP,3540853,Pracinha,2578
2024,SP,3540853,Pracinha,2599
2025,SP,3540853,Pracinha,2589
2022,SP,3540903,Pradópolis,17078
2023,SP,3540903,Pradópolis,17078
2024,SP,3540903,Pradópolis,17309
2025,SP,3540903,Pradópolis,17299
2022,SP,3541000,Praia Grande,349935
2023,SP,3541000,Praia Grande,349935
2024,SP,3541000,Praia Grande,365577
2025,SP,3541000,Praia Grande,368539
2022,SP,3541059,Pratânia,5126
2023,SP,3541059,Pratânia,5126
2024,SP,3541059,Pratânia,5246
2025,SP,3541059,Pratânia,5264
2022,SP,3541109,Presidente Alves,3804
2023,SP,3541109,Presidente Alves,3804
2024,SP,3541109,Presidente Alves,3841
2025,SP,3541109,Presidente Alves,3830
2022,SP,3541208,Presidente Bernardes,14490
2023,SP,3541208,Presidente Bernardes,14490
2024,SP,3541208,Presidente Bernardes,14772
2025,SP,3541208,Presidente Bernardes,14803
2022,SP,3541307,Presidente Epitácio,39505
2023,SP,3541307,Presidente Epitácio,39505
2024,SP,3541307,Presidente Epitácio,40383
2025,SP,3541307,Presidente Epitácio,40322
2022,SP,3541406,Presidente Prudente,225668
2023,SP,3541406,Presidente Prudente,225668
2024,SP,3541406,Presidente Prudente,234083
2025,SP,3541406,Presidente Prudente,234706
2022,SP,3541505,Presidente Venceslau,35201
2023,SP,3541505,Presidente Venceslau,35201
2024,SP,3541505,Presidente Venceslau,35902
2025,SP,3541505,Presidente Venceslau,35810
2022,SP,3541604,Promissão,35131
2023,SP,3541604,Promissão,35131
2024,SP,3541604,Promissão,35991
2025,SP,3541604,Promissão,35973
2022,SP,3541653,Quadra,3405
2023,SP,3541653,Quadra,3405
2024,SP,3541653,Quadra,3472
2025,SP,3541653,Quadra,3477
2022,SP,3541703,Quatá,13163
2023,SP,3541703,Quatá,13163
2024,SP,3541703,Quatá,13399
2025,SP,3541703,Quatá,13412
2022,SP,3541802,Queiroz,3265
2023,SP,3541802,Queiroz,3265
2024,SP,3541802,Queiroz,3351
2025,SP,3541802,Queiroz,3366
2022,SP,3541901,Queluz,9159
2023,SP,3541901,Queluz,9159
2024,SP,3541901,Queluz,9146
2025,SP,3541901,Queluz,9074
2022,SP,3542008,Quintana,7038
2023,SP,3542008,Quintana,7038
2024,SP,3542008,Quintana,7225
2025,SP,3542008,Quintana,7260
2022,SP,3542107,Rafard,8965
2023,SP,3542107,Rafard,8965
2024,SP,3542107,Rafard,9133
2025,SP,3542107,Rafard,9145
2022,SP,3542206,Rancharia,28588
2023,SP,3542206,Rancharia,28588
2024,SP,3542206,Rancharia,29305
2025,SP,3542206,Rancharia,29387
2022,SP,3542305,Redenção da Serra,4494
2023,SP,3542305,Redenção da Serra,4494
2024,SP,3542305,Redenção da Serra,4611
2025,SP,3542305,Redenção da Serra,4637
2022,SP,3542404,Regente Feijó,20145
2023,SP,3542404,Regente Feijó,20145
2024,SP,3542404,Regente Feijó,20565
2025,SP,3542404,Regente Feijó,20620
2022,SP,3542503,Reginópolis,7662
2023,SP,3542503,Reginópolis,7662
2024,SP,3542503,Reginópolis,7808
2025,SP,3542503,Reginópolis,7820
2022,SP,3542602,Registro,59947
2023,SP,3542602,Registro,59947
2024,SP,3542602,Registro,61732
2025,SP,3542602,Registro,61927
2022,SP,3542701,Restinga,6404
2023,SP,3542701,Restinga,6404
2024,SP,3542701,Restinga,6492
2025,SP,3542701,Restinga,6486
2022,SP,3542800,Ribeira,3132
2023,SP,3542800,Ribeira,3132
2024,SP,3542800,Ribeira,3166
2025,SP,3542800,Ribeira,3158
2022,SP,3542909,Ribeirão Bonito,10989
2023,SP,3542909,Ribeirão Bonito,10989
2024,SP,3542909,Ribeirão Bonito,11079
2025,SP,3542909,Ribeirão Bonito,11040
2022,SP,3543006,Ribeirão Branco,18627
2023,SP,3543006,Ribeirão Branco,18627
2024,SP,3543006,Ribeirão Branco,18930
2025,SP,3543006,Ribeirão Branco,18942
2022,SP,3543105,Ribeirão Corrente,4608
2023,SP,3543105,Ribeirão Corrente,4608
2024,SP,3543105,Ribeirão Corrente,4706
2025,SP,3543105,Ribeirão Corrente,4717
2022,SP,3543253,Ribeirão Grande,7450
2023,SP,3543253,Ribeirão Grande,7450
2024,SP,3543253,Ribeirão Grande,7570
2025,SP,3543253,Ribeirão Grande,7571
2022,SP,3543303,Ribeirão Pires,115559
2023,SP,3543303,Ribeirão Pires,115559
2024,SP,3543303,Ribeirão Pires,118877
2025,SP,3543303,Ribeirão Pires,118954
2022,SP,3543402,Ribeirão Preto,698642
2023,SP,3543402,Ribeirão Preto,698642
2024,SP,3543402,Ribeirão Preto,728400
2025,SP,3543402,Ribeirão Preto,731639
2022,SP,3543204,Ribeirão do Sul,4677
2023,SP,3543204,Ribeirão do Sul,4677
2024,SP,3543204,Ribeirão do Sul,4768
2025,SP,3543204,Ribeirão do Sul,4776
2022,SP,3543238,Ribeirão dos Índios,2025
2023,SP,3543238,Ribeirão dos Índios,2025
2024,SP,3543238,Ribeirão dos Índios,2045
2025,SP,3543238,Ribeirão dos Índios,2040
2022,SP,3543600,Rifaina,4049
2023,SP,3543600,Rifaina,4049
2024,SP,3543600,Rifaina,4158
2025,SP,3543600,Rifaina,4179
2022,SP,3543709,Rincão,9098
2023,SP,3543709,Rincão,9098
2024,SP,3543709,Rincão,9145
2025,SP,3543709,Rincão,9101
2022,SP,3543808,Rinópolis,9259
2023,SP,3543808,Rinópolis,9259
2024,SP,3543808,Rinópolis,9357
2025,SP,3543808,Rinópolis,9334
2022,SP,3543907,Rio Claro,201418
2023,SP,3543907,Rio Claro,201418
2024,SP,3543907,Rio Claro,208857
2025,SP,3543907,Rio Claro,210323
2022,SP,3544103,Rio Grande da Serra,44170
2023,SP,3544103,Rio Grande da Serra,44170
2024,SP,3544103,Rio Grande da Serra,45317
2025,SP,3544103,Rio Grande da Serra,45324
2022,SP,3544004,Rio das Pedras,31328
2023,SP,3544004,Rio das Pedras,31328
2024,SP,3544004,Rio das Pedras,32267
2025,SP,3544004,Rio das Pedras,32329
2022,SP,3544202,Riolândia,10309
2023,SP,3544202,Riolândia,10309
2024,SP,3544202,Riolândia,10453
2025,SP,3544202,Riolândia,10444
2022,SP,3543501,Riversul,5599
2023,SP,3543501,Riversul,5599
2024,SP,3543501,Riversul,5647
2025,SP,3543501,Riversul,5628
2022,SP,3544251,Rosana,17440
2023,SP,3544251,Rosana,17440
2024,SP,3544251,Rosana,17533
2025,SP,3544251,Rosana,17434
2022,SP,3544301,Roseira,10832
2023,SP,3544301,Roseira,10832
2024,SP,3544301,Roseira,11095
2025,SP,3544301,Roseira,11137
2022,SP,3544509,Rubinéia,3833
2023,SP,3544509,Rubinéia,3833
2024,SP,3544509,Rubinéia,3965
2025,SP,3544509,Rubinéia,3998
2022,SP,3544400,Rubiácea,2700
2023,SP,3544400,Rubiácea,2700
2024,SP,3544400,Rubiácea,2741
2025,SP,3544400,Rubiácea,2740
2022,SP,3544608,Sabino,5112
2023,SP,3544608,Sabino,5112
2024,SP,3544608,Sabino,5185
2025,SP,3544608,Sabino,5182
2022,SP,3544707,Sagres,2474
2023,SP,3544707,Sagres,2474
2024,SP,3544707,Sagres,2519
2025,SP,3544707,Sagres,2522
2022,SP,3544806,Sales,6437
2023,SP,3544806,Sales,6437
2024,SP,3544806,Sales,6612
2025,SP,3544806,Sales,6645
2022,SP,3544905,Sales Oliveira,11411
2023,SP,3544905,Sales Oliveira,11411
2024,SP,3544905,Sales Oliveira,11654
2025,SP,3544905,Sales Oliveira,11683
2022,SP,3545001,Salesópolis,15202
2023,SP,3545001,Salesópolis,15202
2024,SP,3545001,Salesópolis,15396
2025,SP,3545001,Salesópolis,15381
2022,SP,3545100,Salmourão,4808
2023,SP,3545100,Salmourão,4808
2024,SP,3545100,Salmourão,4883
2025,SP,3545100,Salmourão,4883
2022,SP,3545159,Saltinho,8161
2023,SP,3545159,Saltinho,8161
2024,SP,3545159,Saltinho,8371
2025,SP,3545159,Saltinho,8407
2022,SP,3545209,Salto,134319
2023,SP,3545209,Salto,134319
2024,SP,3545209,Salto,140125
2025,SP,3545209,Salto,141111
2022,SP,3545407,Salto Grande,9050
2023,SP,3545407,Salto Grande,9050
2024,SP,3545407,Salto Grande,9212
2025,SP,3545407,Salto Grande,9221
2022,SP,3545308,Salto de Pirapora,43748
2023,SP,3545308,Salto de Pirapora,43748
2024,SP,3545308,Salto de Pirapora,45138
2025,SP,3545308,Salto de Pirapora,45262
2022,SP,3545506,Sandovalina,3645
2023,SP,3545506,Sandovalina,3645
2024,SP,3545506,Sandovalina,3699
2025,SP,3545506,Sandovalina,3697
2022,SP,3545605,Santa Adélia,14018
2023,SP,3545605,Santa Adélia,14018
2024,SP,3545605,Santa Adélia,14203
2025,SP,3545605,Santa Adélia,14193
2022,SP,3545704,Santa Albertina,6393
2023,SP,3545704,Santa Albertina,6393
2024,SP,3545704,Santa Albertina,6543
2025,SP,3545704,Santa Albertina,6566
2022,SP,3546009,Santa Branca,13975
2023,SP,3546009,Santa Branca,13975
2024,SP,3546009,Santa Branca,14212
2025,SP,3546009,Santa Branca,14219
2022,SP,3545803,Santa Bárbara d'Oeste,183347
2023,SP,3545803,Santa Bárbara d'Oeste,183347
2024,SP,3545803,Santa Bárbara d'Oeste,189338
2025,SP,3545803,Santa Bárbara d'Oeste,189456
2022,SP,3546108,Santa Clara d'Oeste,2598
2023,SP,3546108,Santa Clara d'Oeste,2598
2024,SP,3546108,Santa Clara d'Oeste,2677
2025,SP,3546108,Santa Clara d'Oeste,2694
2022,SP,3546207,Santa Cruz da Conceição,4277
2023,SP,3546207,Santa Cruz da Conceição,4277
2024,SP,3546207,Santa Cruz da Conceição,4365
2025,SP,3546207,Santa Cruz da Conceição,4375
2022,SP,3546256,Santa Cruz da Esperança,2116
2023,SP,3546256,Santa Cruz da Esperança,2116
2024,SP,3546256,Santa Cruz da Esperança,2162
2025,SP,3546256,Santa Cruz da Esperança,2168
2022,SP,3546306,Santa Cruz das Palmeiras,28864
2023,SP,3546306,Santa Cruz das Palmeiras,28864
2024,SP,3546306,Santa Cruz das Palmeiras,29525
2025,SP,3546306,Santa Cruz das Palmeiras,29489
2022,SP,3546405,Santa Cruz do Rio Pardo,46442
2023,SP,3546405,Santa Cruz do Rio Pardo,46442
2024,SP,3546405,Santa Cruz do Rio Pardo,47677
2025,SP,3546405,Santa Cruz do Rio Pardo,47759
2022,SP,3546504,Santa Ernestina,6118
2023,SP,3546504,Santa Ernestina,6118
2024,SP,3546504,Santa Ernestina,6256
2025,SP,3546504,Santa Ernestina,6274
2022,SP,3546603,Santa Fé do Sul,34794
2023,SP,3546603,Santa Fé do Sul,34794
2024,SP,3546603,Santa Fé do Sul,36098
2025,SP,3546603,Santa Fé do Sul,36288
2022,SP,3546702,Santa Gertrudes,23611
2023,SP,3546702,Santa Gertrudes,23611
2024,SP,3546702,Santa Gertrudes,24107
2025,SP,3546702,Santa Gertrudes,23192
2022,SP,3546801,Santa Isabel,53174
2023,SP,3546801,Santa Isabel,53174
2024,SP,3546801,Santa Isabel,54586
2025,SP,3546801,Santa Isabel,54691
2022,SP,3546900,Santa Lúcia,7149
2023,SP,3546900,Santa Lúcia,7149
2024,SP,3546900,Santa Lúcia,7181
2025,SP,3546900,Santa Lúcia,7144
2022,SP,3547007,Santa Maria da Serra,5243
2023,SP,3547007,Santa Maria da Serra,5243
2024,SP,3547007,Santa Maria da Serra,5314
2025,SP,3547007,Santa Maria da Serra,5308
2022,SP,3547106,Santa Mercedes,2956
2023,SP,3547106,Santa Mercedes,2956
2024,SP,3547106,Santa Mercedes,3012
2025,SP,3547106,Santa Mercedes,3017
2022,SP,3547403,Santa Rita d'Oeste,2733
2023,SP,3547403,Santa Rita d'Oeste,2733
2024,SP,3547403,Santa Rita d'Oeste,2790
2025,SP,3547403,Santa Rita d'Oeste,2796
2022,SP,3547502,Santa Rita do Passa Quatro,24833
2023,SP,3547502,Santa Rita do Passa Quatro,24833
2024,SP,3547502,Santa Rita do Passa Quatro,25060
2025,SP,3547502,Santa Rita do Passa Quatro,24996
2022,SP,3547601,Santa Rosa de Viterbo,23411
2023,SP,3547601,Santa Rosa de Viterbo,23411
2024,SP,3547601,Santa Rosa de Viterbo,23725
2025,SP,3547601,Santa Rosa de Viterbo,23710
2022,SP,3547650,Santa Salete,1645
2023,SP,3547650,Santa Salete,1645
2024,SP,3547650,Santa Salete,1686
2025,SP,3547650,Santa Salete,1692
2022,SP,3547205,Santana da Ponte Pensa,1670
2023,SP,3547205,Santana da Ponte Pensa,1670
2024,SP,3547205,Santana da Ponte Pensa,1698
2025,SP,3547205,Santana da Ponte Pensa,1699
2022,SP,3547304,Santana de Parnaíba,154105
2023,SP,3547304,Santana de Parnaíba,154105
2024,SP,3547304,Santana de Parnaíba,162341
2025,SP,3547304,Santana de Parnaíba,163787
2022,SP,3547700,Santo Anastácio,17963
2023,SP,3547700,Santo Anastácio,17963
2024,SP,3547700,Santo Anastácio,18045
2025,SP,3547700,Santo Anastácio,17960
2022,SP,3547809,Santo André,748919
2023,SP,3547809,Santo André,748919
2024,SP,3547809,Santo André,778711
2025,SP,3547809,Santo André,782048
2022,SP,3547908,Santo Antônio da Alegria,6775
2023,SP,3547908,Santo Antônio da Alegria,6775
2024,SP,3547908,Santo Antônio da Alegria,6917
2025,SP,3547908,Santo Antônio da Alegria,6933
2022,SP,3548005,Santo Antônio de Posse,23244
2023,SP,3548005,Santo Antônio de Posse,23244
2024,SP,3548005,Santo Antônio de Posse,23779
2025,SP,3548005,Santo Antônio de Posse,23867
2022,SP,3548054,Santo Antônio do Aracanguá,8379
2023,SP,3548054,Santo Antônio do Aracanguá,8379
2024,SP,3548054,Santo Antônio do Aracanguá,8568
2025,SP,3548054,Santo Antônio do Aracanguá,8593
2022,SP,3548104,Santo Antônio do Jardim,6126
2023,SP,3548104,Santo Antônio do Jardim,6126
2024,SP,3548104,Santo Antônio do Jardim,6237
2025,SP,3548104,Santo Antônio do Jardim,6243
2022,SP,3548203,Santo Antônio do Pinhal,7133
2023,SP,3548203,Santo Antônio do Pinhal,7133
2024,SP,3548203,Santo Antônio do Pinhal,7294
2025,SP,3548203,Santo Antônio do Pinhal,7314
2022,SP,3548302,Santo Expedito,3000
2023,SP,3548302,Santo Expedito,3000
2024,SP,3548302,Santo Expedito,3063
2025,SP,3548302,Santo Expedito,3069
2022,SP,3548500,Santos,418608
2023,SP,3548500,Santos,418608
2024,SP,3548500,Santos,429567
2025,SP,3548500,Santos,429547
2022,SP,3548401,Santópolis do Aguapeí,3899
2023,SP,3548401,Santópolis do Aguapeí,3899
2024,SP,3548401,Santópolis do Aguapeí,3933
2025,SP,3548401,Santópolis do Aguapeí,3921
2022,SP,3551108,Sarapuí,10369
2023,SP,3551108,Sarapuí,10369
2024,SP,3551108,Sarapuí,10632
2025,SP,3551108,Sarapuí,10677
2022,SP,3551207,Sarutaiá,3704
2023,SP,3551207,Sarutaiá,3704
2024,SP,3551207,Sarutaiá,3769
2025,SP,3551207,Sarutaiá,3772
2022,SP,3551306,Sebastianópolis do Sul,3130
2023,SP,3551306,Sebastianópolis do Sul,3130
2024,SP,3551306,Sebastianópolis do Sul,3187
2025,SP,3551306,Sebastianópolis do Sul,3191
2022,SP,3551405,Serra Azul,12746
2023,SP,3551405,Serra Azul,12746
2024,SP,3551405,Serra Azul,13058
2025,SP,3551405,Serra Azul,13108
2022,SP,3551603,Serra Negra,29894
2023,SP,3551603,Serra Negra,29894
2024,SP,3551603,Serra Negra,30920
2025,SP,3551603,Serra Negra,31047
2022,SP,3551504,Serrana,43909
2023,SP,3551504,Serrana,43909
2024,SP,3551504,Serrana,45408
2025,SP,3551504,Serrana,45580
2022,SP,3551702,Sertãozinho,126887
2023,SP,3551702,Sertãozinho,126887
2024,SP,3551702,Sertãozinho,131600
2025,SP,3551702,Sertãozinho,132176
2022,SP,3551801,Sete Barras,12730
2023,SP,3551801,Sete Barras,12730
2024,SP,3551801,Sete Barras,12912
2025,SP,3551801,Sete Barras,12903
2022,SP,3551900,Severínia,14576
2023,SP,3551900,Severínia,14576
2024,SP,3551900,Severínia,14724
2025,SP,3551900,Severínia,14693
2022,SP,3552007,Silveiras,6186
2023,SP,3552007,Silveiras,6186
2024,SP,3552007,Silveiras,6313
2025,SP,3552007,Silveiras,6329
2022,SP,3552106,Socorro,40122
2023,SP,3552106,Socorro,40122
2024,SP,3552106,Socorro,41405
2025,SP,3552106,Socorro,41527
2022,SP,3552205,Sorocaba,723682
2023,SP,3552205,Sorocaba,723682
2024,SP,3552205,Sorocaba,757459
2025,SP,3552205,Sorocaba,762172
2022,SP,3552304,Sud Mennucci,7355
2023,SP,3552304,Sud Mennucci,7355
2024,SP,3552304,Sud Mennucci,7466
2025,SP,3552304,Sud Mennucci,7464
2022,SP,3552403,Sumaré,279545
2023,SP,3552403,Sumaré,279545
2024,SP,3552403,Sumaré,289787
2025,SP,3552403,Sumaré,291116
2022,SP,3552502,Suzano,307429
2023,SP,3552502,Suzano,307429
2024,SP,3552502,Suzano,318765
2025,SP,3552502,Suzano,320261
2022,SP,3552551,Suzanápolis,3408
2023,SP,3552551,Suzanápolis,3408
2024,SP,3552551,Suzanápolis,3464
2025,SP,3552551,Suzanápolis,3465
2022,SP,3548609,São Bento do Sapucaí,11674
2023,SP,3548609,São Bento do Sapucaí,11674
2024,SP,3548609,São Bento do Sapucaí,11948
2025,SP,3548609,São Bento do Sapucaí,11989
2022,SP,3548708,São Bernardo do Campo,810729
2023,SP,3548708,São Bernardo do Campo,810729
2024,SP,3548708,São Bernardo do Campo,840499
2025,SP,3548708,São Bernardo do Campo,841154
2022,SP,3548807,São Caetano do Sul,165655
2023,SP,3548807,São Caetano do Sul,165655
2024,SP,3548807,São Caetano do Sul,172109
2025,SP,3548807,São Caetano do Sul,172693
2022,SP,3548906,São Carlos,254857
2023,SP,3548906,São Carlos,254857
2024,SP,3548906,São Carlos,265294
2025,SP,3548906,São Carlos,266427
2022,SP,3549003,São Francisco,2602
2023,SP,3549003,São Francisco,2602
2024,SP,3549003,São Francisco,2629
2025,SP,3549003,São Francisco,2623
2022,SP,3549409,São Joaquim da Barra,48558
2023,SP,3549409,São Joaquim da Barra,48558
2024,SP,3549409,São Joaquim da Barra,49815
2025,SP,3549409,São Joaquim da Barra,49885
2022,SP,3549508,São José da Bela Vista,7626
2023,SP,3549508,São José da Bela Vista,7626
2024,SP,3549508,São José da Bela Vista,7690
2025,SP,3549508,São José da Bela Vista,7664
2022,SP,3549607,São José do Barreiro,3853
2023,SP,3549607,São José do Barreiro,3853
2024,SP,3549607,São José do Barreiro,3898
2025,SP,3549607,São José do Barreiro,3888
2022,SP,3549706,São José do Rio Pardo,52205
2023,SP,3549706,São José do Rio Pardo,52205
2024,SP,3549706,São José do Rio Pardo,53416
2025,SP,3549706,São José do Rio Pardo,53427
2022,SP,3549805,São José do Rio Preto,480393
2023,SP,3549805,São José do Rio Preto,480393
2024,SP,3549805,São José do Rio Preto,501597
2025,SP,3549805,São José do Rio Preto,504166
2022,SP,3549904,São José dos Campos,697054
2023,SP,3549904,São José dos Campos,697054
2024,SP,3549904,São José dos Campos,724756
2025,SP,3549904,São José dos Campos,727078
2022,SP,3549102,São João da Boa Vista,92547
2023,SP,3549102,São João da Boa Vista,92547
2024,SP,3549102,São João da Boa Vista,95762
2025,SP,3549102,São João da Boa Vista,96080
2022,SP,3549201,São João das Duas Pontes,2580
2023,SP,3549201,São João das Duas Pontes,2580
2024,SP,3549201,São João das Duas Pontes,2622
2025,SP,3549201,São João das Duas Pontes,2623
2022,SP,3549250,São João de Iracema,1846
2023,SP,3549250,São João de Iracema,1846
2024,SP,3549250,São João de Iracema,1880
2025,SP,3549250,São João de Iracema,1882
2022,SP,3549300,São João do Pau d'Alho,2242
2023,SP,3549300,São João do Pau d'Alho,2242
2024,SP,3549300,São João do Pau d'Alho,2288
2025,SP,3549300,São João do Pau d'Alho,2293
2022,SP,3549953,São Lourenço da Serra,16067
2023,SP,3549953,São Lourenço da Serra,16067
2024,SP,3549953,São Lourenço da Serra,16458
2025,SP,3549953,São Lourenço da Serra,16479
2022,SP,3550001,São Luís do Paraitinga,10337
2023,SP,3550001,São Luís do Paraitinga,10337
2024,SP,3550001,São Luís do Paraitinga,10497
2025,SP,3550001,São Luís do Paraitinga,10487
2022,SP,3550100,São Manuel,37289
2023,SP,3550100,São Manuel,37289
2024,SP,3550100,São Manuel,38166
2025,SP,3550100,São Manuel,38131
2022,SP,3550209,São Miguel Arcanjo,32039
2023,SP,3550209,São Miguel Arcanjo,32039
2024,SP,3550209,São Miguel Arcanjo,32904
2025,SP,3550209,São Miguel Arcanjo,32924
2022,SP,3550308,São Paulo,11451999
2023,SP,3550308,São Paulo,11451999
2024,SP,3550308,São Paulo,11895578
2025,SP,3550308,São Paulo,11904961
2022,SP,3550407,São Pedro,38256
2023,SP,3550407,São Pedro,38256
2024,SP,3550407,São Pedro,39725
2025,SP,3550407,São Pedro,39855
2022,SP,3550506,São Pedro do Turvo,7217
2023,SP,3550506,São Pedro do Turvo,7217
2024,SP,3550506,São Pedro do Turvo,7333
2025,SP,3550506,São Pedro do Turvo,7333
2022,SP,3550605,São Roque,79484
2023,SP,3550605,São Roque,79484
2024,SP,3550605,São Roque,81342
2025,SP,3550605,São Roque,81366
2022,SP,3550704,São Sebastião,81595
2023,SP,3550704,São Sebastião,81595
2024,SP,3550704,São Sebastião,84019
2025,SP,3550704,São Sebastião,84280
2022,SP,3550803,São Sebastião da Grama,10441
2023,SP,3550803,São Sebastião da Grama,10441
2024,SP,3550803,São Sebastião da Grama,10484
2025,SP,3550803,São Sebastião da Grama,10428
2022,SP,3550902,São Simão,13442
2023,SP,3550902,São Simão,13442
2024,SP,3550902,São Simão,13590
2025,SP,3550902,São Simão,13560
2022,SP,3551009,São Vicente,329911
2023,SP,3551009,São Vicente,329911
2024,SP,3551009,São Vicente,338407
2025,SP,3551009,São Vicente,338326
2022,SP,3552601,Tabapuã,11323
2023,SP,3552601,Tabapuã,11323
2024,SP,3552601,Tabapuã,11499
2025,SP,3552601,Tabapuã,11498
2022,SP,3552700,Tabatinga,14769
2023,SP,3552700,Tabatinga,14769
2024,SP,3552700,Tabatinga,14994
2025,SP,3552700,Tabatinga,14997
2022,SP,3552809,Taboão da Serra,273542
2023,SP,3552809,Taboão da Serra,273542
2024,SP,3552809,Taboão da Serra,284274
2025,SP,3552809,Taboão da Serra,285307
2022,SP,3552908,Taciba,6260
2023,SP,3552908,Taciba,6260
2024,SP,3552908,Taciba,6399
2025,SP,3552908,Taciba,6418
2022,SP,3553005,Taguaí,12669
2023,SP,3553005,Taguaí,12669
2024,SP,3553005,Taguaí,13006
2025,SP,3553005,Taguaí,13068
2022,SP,3553104,Taiaçu,5677
2023,SP,3553104,Taiaçu,5677
2024,SP,3553104,Taiaçu,5751
2025,SP,3553104,Taiaçu,5744
2022,SP,3553203,Taiúva,6548
2023,SP,3553203,Taiúva,6548
2024,SP,3553203,Taiúva,6733
2025,SP,3553203,Taiúva,6770
2022,SP,3553302,Tambaú,21435
2023,SP,3553302,Tambaú,21435
2024,SP,3553302,Tambaú,21682
2025,SP,3553302,Tambaú,21650
2022,SP,3553401,Tanabi,25265
2023,SP,3553401,Tanabi,25265
2024,SP,3553401,Tanabi,26021
2025,SP,3553401,Tanabi,26071
2022,SP,3553609,Tapiratiba,11816
2023,SP,3553609,Tapiratiba,11816
2024,SP,3553609,Tapiratiba,11936
2025,SP,3553609,Tapiratiba,11903
2022,SP,3553500,Tapiraí,7996
2023,SP,3553500,Tapiraí,7996
2024,SP,3553500,Tapiraí,8122
2025,SP,3553500,Tapiraí,8122
2022,SP,3553658,Taquaral,2619
2023,SP,3553658,Taquaral,2619
2024,SP,3553658,Taquaral,2652
2025,SP,3553658,Taquaral,2649
2022,SP,3553708,Taquaritinga,52260
2023,SP,3553708,Taquaritinga,52260
2024,SP,3553708,Taquaritinga,53322
2025,SP,3553708,Taquaritinga,53264
2022,SP,3553807,Taquarituba,24350
2023,SP,3553807,Taquarituba,24350
2024,SP,3553807,Taquarituba,24863
2025,SP,3553807,Taquarituba,24932
2022,SP,3553856,Taquarivaí,6876
2023,SP,3553856,Taquarivaí,6876
2024,SP,3553856,Taquarivaí,7112
2025,SP,3553856,Taquarivaí,7170
2022,SP,3553906,Tarabai,6536
2023,SP,3553906,Tarabai,6536
2024,SP,3553906,Tarabai,6635
2025,SP,3553906,Tarabai,6633
2022,SP,3553955,Tarumã,14882
2023,SP,3553955,Tarumã,14882
2024,SP,3553955,Tarumã,15248
2025,SP,3553955,Tarumã,15315
2022,SP,3554003,Tatuí,123942
2023,SP,3554003,Tatuí,123942
2024,SP,3554003,Tatuí,128560
2025,SP,3554003,Tatuí,129130
2022,SP,3554102,Taubaté,310739
2023,SP,3554102,Taubaté,310739
2024,SP,3554102,Taubaté,321298
2025,SP,3554102,Taubaté,322397
2022,SP,3554201,Tejupá,4127
2023,SP,3554201,Tejupá,4127
2024,SP,3554201,Tejupá,4142
2025,SP,3554201,Tejupá,4119
2022,SP,3554300,Teodoro Sampaio,22173
2023,SP,3554300,Teodoro Sampaio,22173
2024,SP,3554300,Teodoro Sampaio,22559
2025,SP,3554300,Teodoro Sampaio,22598
2022,SP,3554409,Terra Roxa,7904
2023,SP,3554409,Terra Roxa,7904
2024,SP,3554409,Terra Roxa,7985
2025,SP,3554409,Terra Roxa,7965
2022,SP,3554508,Tietê,37663
2023,SP,3554508,Tietê,37663
2024,SP,3554508,Tietê,38690
2025,SP,3554508,Tietê,38723
2022,SP,3554607,Timburi,2464
2023,SP,3554607,Timburi,2464
2024,SP,3554607,Timburi,2490
2025,SP,3554607,Timburi,2484
2022,SP,3554656,Torre de Pedra,2046
2023,SP,3554656,Torre de Pedra,2046
2024,SP,3554656,Torre de Pedra,2063
2025,SP,3554656,Torre de Pedra,2056
2022,SP,3554706,Torrinha,9335
2023,SP,3554706,Torrinha,9335
2024,SP,3554706,Torrinha,9484
2025,SP,3554706,Torrinha,9484
2022,SP,3554755,Trabiju,1682
2023,SP,3554755,Trabiju,1682
2024,SP,3554755,Trabiju,1719
2025,SP,3554755,Trabiju,1724
2022,SP,3554805,Tremembé,51173
2023,SP,3554805,Tremembé,51173
2024,SP,3554805,Tremembé,53083
2025,SP,3554805,Tremembé,53426
2022,SP,3554904,Três Fronteiras,6804
2023,SP,3554904,Três Fronteiras,6804
2024,SP,3554904,Três Fronteiras,7013
2025,SP,3554904,Três Fronteiras,7060
2022,SP,3554953,Tuiuti,6778
2023,SP,3554953,Tuiuti,6778
2024,SP,3554953,Tuiuti,6947
2025,SP,3554953,Tuiuti,6976
2022,SP,3555109,Tupi Paulista,15854
2023,SP,3555109,Tupi Paulista,15854
2024,SP,3555109,Tupi Paulista,16206
2025,SP,3555109,Tupi Paulista,16259
2022,SP,3555000,Tupã,63928
2023,SP,3555000,Tupã,63928
2024,SP,3555000,Tupã,65416
2025,SP,3555000,Tupã,65433
2022,SP,3555208,Turiúba,1818
2023,SP,3555208,Turiúba,1818
2024,SP,3555208,Turiúba,1839
2025,SP,3555208,Turiúba,1835
2022,SP,3555307,Turmalina,1669
2023,SP,3555307,Turmalina,1669
2024,SP,3555307,Turmalina,1672
2025,SP,3555307,Turmalina,1662
2022,SP,3555356,Ubarana,5365
2023,SP,3555356,Ubarana,5365
2024,SP,3555356,Ubarana,5456
2025,SP,3555356,Ubarana,5458
2022,SP,3555406,Ubatuba,92981
2023,SP,3555406,Ubatuba,92981
2024,SP,3555406,Ubatuba,96598
2025,SP,3555406,Ubatuba,97096
2022,SP,3555505,Ubirajara,5132
2023,SP,3555505,Ubirajara,5132
2024,SP,3555505,Ubirajara,5265
2025,SP,3555505,Ubirajara,5289
2022,SP,3555604,Uchoa,10394
2023,SP,3555604,Uchoa,10394
2024,SP,3555604,Uchoa,10627
2025,SP,3555604,Uchoa,10670
2022,SP,3555703,União Paulista,1603
2023,SP,3555703,União Paulista,1603
2024,SP,3555703,União Paulista,1628
2025,SP,3555703,União Paulista,1628
2022,SP,3555901,Uru,1387
2023,SP,3555901,Uru,1387
2024,SP,3555901,Uru,1419
2025,SP,3555901,Uru,1424
2022,SP,3556008,Urupês,13744
2023,SP,3556008,Urupês,13744
2024,SP,3556008,Urupês,14038
2025,SP,3556008,Urupês,14073
2022,SP,3555802,Urânia,8833
2023,SP,3555802,Urânia,8833
2024,SP,3555802,Urânia,8973
2025,SP,3555802,Urânia,8973
2022,SP,3556107,Valentim Gentil,14098
2023,SP,3556107,Valentim Gentil,14098
2024,SP,3556107,Valentim Gentil,14531
2025,SP,3556107,Valentim Gentil,14634
2022,SP,3556206,Valinhos,126373
2023,SP,3556206,Valinhos,126373
2024,SP,3556206,Valinhos,131277
2025,SP,3556206,Valinhos,132258
2022,SP,3556305,Valparaíso,24241
2023,SP,3556305,Valparaíso,24241
2024,SP,3556305,Valparaíso,24723
2025,SP,3556305,Valparaíso,24779
2022,SP,3556354,Vargem,10512
2023,SP,3556354,Vargem,10512
2024,SP,3556354,Vargem,10805
2025,SP,3556354,Vargem,10863
2022,SP,3556453,Vargem Grande Paulista,50415
2023,SP,3556453,Vargem Grande Paulista,50415
2024,SP,3556453,Vargem Grande Paulista,52103
2025,SP,3556453,Vargem Grande Paulista,52352
2022,SP,3556404,Vargem Grande do Sul,40133
2023,SP,3556404,Vargem Grande do Sul,40133
2024,SP,3556404,Vargem Grande do Sul,41226
2025,SP,3556404,Vargem Grande do Sul,41256
2022,SP,3556602,Vera Cruz,10176
2023,SP,3556602,Vera Cruz,10176
2024,SP,3556602,Vera Cruz,10294
2025,SP,3556602,Vera Cruz,10274
2022,SP,3556701,Vinhedo,76540
2023,SP,3556701,Vinhedo,76540
2024,SP,3556701,Vinhedo,79235
2025,SP,3556701,Vinhedo,79089
2022,SP,3556800,Viradouro,17414
2023,SP,3556800,Viradouro,17414
2024,SP,3556800,Viradouro,17681
2025,SP,3556800,Viradouro,17685
2022,SP,3556909,Vista Alegre do Alto,8109
2023,SP,3556909,Vista Alegre do Alto,8109
2024,SP,3556909,Vista Alegre do Alto,8327
2025,SP,3556909,Vista Alegre do Alto,8368
2022,SP,3556958,Vitória Brasil,1794
2023,SP,3556958,Vitória Brasil,1794
2024,SP,3556958,Vitória Brasil,1826
2025,SP,3556958,Vitória Brasil,1828
2022,SP,3557006,Votorantim,127923
2023,SP,3557006,Votorantim,127923
2024,SP,3557006,Votorantim,132849
2025,SP,3557006,Votorantim,133510
2022,SP,3557105,Votuporanga,96634
2023,SP,3557105,Votuporanga,96634
2024,SP,3557105,Votuporanga,100159
2025,SP,3557105,Votuporanga,100568
2022,SP,3556503,Várzea Paulista,115771
2023,SP,3556503,Várzea Paulista,115771
2024,SP,3556503,Várzea Paulista,119576
2025,SP,3556503,Várzea Paulista,119655
2022,SP,3557154,Zacarias,2692
2023,SP,3557154,Zacarias,2692
2024,SP,3557154,Zacarias,2761
2025,SP,3557154,Zacarias,2773
2022,SP,3500402,Águas da Prata,7369
2023,SP,3500402,Águas da Prata,7369
2024,SP,3500402,Águas da Prata,7470
2025,SP,3500402,Águas da Prata,7463
2022,SP,3500501,Águas de Lindóia,17930
2023,SP,3500501,Águas de Lindóia,17930
2024,SP,3500501,Águas de Lindóia,18245
2025,SP,3500501,Águas de Lindóia,18257
2022,SP,3500550,Águas de Santa Bárbara,7177
2023,SP,3500550,Águas de Santa Bárbara,7177
2024,SP,3500550,Águas de Santa Bárbara,7407
2025,SP,3500550,Águas de Santa Bárbara,7460
2022,SP,3500600,Águas de São Pedro,2780
2023,SP,3500600,Águas de São Pedro,2780
2024,SP,3500600,Águas de São Pedro,2829
2025,SP,3500600,Águas de São Pedro,2928
2022,SP,3501202,Álvares Florence,3915
2023,SP,3501202,Álvares Florence,3915
2024,SP,3501202,Álvares Florence,3978
2025,SP,3501202,Álvares Florence,3979
2022,SP,3501301,Álvares Machado,27255
2023,SP,3501301,Álvares Machado,27255
2024,SP,3501301,Álvares Machado,28250
2025,SP,3501301,Álvares Machado,28386
2022,SP,3501400,Álvaro de Carvalho,4808
2023,SP,3501400,Álvaro de Carvalho,4808
2024,SP,3501400,Álvaro de Carvalho,4896
2025,SP,3501400,Álvaro de Carvalho,4901
2022,SP,3533809,Óleo,2512
2023,SP,3533809,Óleo,2512
2024,SP,3533809,Óleo,2540
2025,SP,3533809,Óleo,2535
